"","AFAP1L1","ALDH4A1","ANO1","ASB2","ATP12A","AVPR1A","B3GAT1-DT","BTBD19","BTG2","C14orf132","C17orf50","C1QTNF4","C3","CAMP","CASTOR1","CCL20","CD72","CDH11","CDH12","CDKAL1","CES1P1","CHP2","CHSY3","CLCA2","CLDN16","CNN3","CRIM1-DT","CSGALNACT1","CSTL1","CX3CL1","CXCL10","CXCL2","CXCL3","CYP2F1","CYP4X1","DLL1","DRD1","DUSP1","DUSP2","DUSP5","EDARADD","EFHD1","EGR1","EIF5A","EPB41L2","FAM107A","FAM167A-AS1","FAM71E1","FAS-AS1","FCGBP","FGF7P3","FHOD3","FJX1","FOS","FOSB","FOXA2","GAMT","GEM","GHR","GMNC","GRM5","HES6","HLF","HOXC-AS3","HSD17B2","IL12A","IL6","IRS2","ITGB2-AS1","ITLN1","ITM2A","KCNA1","KCNC4","KLHDC7A","LAG3","LINC00173","LINC00423","LINC01541","LINC01558","LINC01852","LINC01933","LOC100130744","LOC100505874","LOC100507560","LOC100996583","LOC101927164","LOC101928068","LOC105372991","LOC105378604","LOC162137","LOC441179","LTF","MALL","MAOB","MAP3K12","MGP","MIR100HG","MMP7","MORN1","MSRB3","MT1F","MT1M","MTUS2","MUC5B","NAV3","NECTIN3-AS1","NEURL1B","NOS2","NPAS3","NPTX2","NR4A1","NR4A2","NT5E","NTN1","NTS","NTSR1","ONECUT1","PAK6-AS1","PANK1","PAX1","PCDH17","PI3","PLK2","PNMA2","PNMA8A","POU5F1P4","PPP1R16B","PRKAR2B","PROS1","PYGO1","RASD1","RHOBTB3","RIPOR3","RPRML","RTKN","RTN4RL1","SAA4","SAMD1","SCNN1G","SCUBE3","SEC14L3","SERPINB10","SERPINB3","SERPINH1","SGCE","SHISA9","SHOX2","SIAH3","SLAMF7","SLC26A4","SLC29A1","SLC5A11","SLC5A7","SLC6A20","SLIT2","SMIM1","SNORC","SNRPF","SORCS2","ST7-AS1","STEAP4","SUGCT","SUSD4","SYNE3","SYT2","TACR1","TCF7L1","TFEB","TFPI2","THSD7A","TMCC2","TMEM150C","TMEM178A","TMEM45A","TOB1-AS1","TPM2","TSHB","UFSP1","UMODL1-AS1","VEGFA","VGLL3","VSIG10L2","WNK4","WNT4","ZBTB16","ZFP36","ZNF423","ZNF76","ZNF821","ZSCAN4","group_list"
"GSM252855","8.73859221716459","8.21692527465708","6.16837527596629","8.61444851598936","11.5343028824546","8.67342215439102","9.46732228129979","6.92522803492251","13.1139586191704","12.37678199717","7.8708393744763","7.78511893409608","15.2474676997742","6.56765039697016","9.02923752561312","7.86734052404152","7.00177972849076","7.17099660592587","7.6180917939838","9.09172627625228","10.1132082180051","11.3526228158618","3.92230252563734","12.8194785906169","6.70586734610249","11.2895693751135","8.31108981453023","7.14192319772374","5.92079348753259","11.7315778442719","8.50315788986782","12.5324606410812","9.84808926363276","14.1073233445442","12.6498422094813","10.8699716241161","7.24560024072928","15.4841431674105","9.8151639126296","11.4143522677615","8.2744061099242","10.0974527825293","14.7413142397194","12.1865847414515","8.92301543729888","10.3932188255203","7.2147465226824","7.9631388433824","6.95324195452996","12.1975576646313","5.46933574622188","9.86404682188249","7.57053882838992","13.8807123062023","11.5222823690446","10.6219419653979","9.08584420567845","9.0032733429754","6.0325593286324","5.4312217839103","7.61276531234659","8.80609845752168","8.76191352280268","7.53054679549869","8.59738591415809","7.50773915086078","7.26308136779864","12.6850137329082","7.72298508271009","10.6877955699455","9.61307300278242","9.50438005561841","7.74633964201419","11.0281961646656","7.31558434359215","4.90060601275433","7.53910451511167","4.80582898058885","7.2399135250414","4.22735601830865","6.94351114538924","3.40322681358234","9.15216059784079","8.55672062283801","8.3260114494946","4.43034549553979","5.24418684732971","9.11560812911915","7.98680910054273","7.43252519759935","6.45500987470016","13.2484049712321","10.9088204117513","12.3943769449571","8.99384416049625","10.7256815200597","7.79178802950006","9.04539382288184","9.74631108668454","6.9747243201029","11.3732294958579","6.39531476916085","7.55099298432851","13.8806262228364","7.9017538832011","3.89864370785303","11.6373358243643","7.4462645021998","9.03054575717968","6.81186915531275","11.8705920494481","12.6365181362953","10.3745722180006","11.3313984428172","9.64699604235886","6.23876966634991","6.42111387246426","7.04927135598782","8.88698293968634","8.73279830775591","9.14628354506161","9.52007253332603","8.84809709023201","6.62812032749618","11.0482961368274","5.42661699769579","9.7304157909678","9.13642981247055","13.1943044025708","6.31598277807748","11.0454866563595","10.0643655402636","6.18431600425072","7.70828381719186","8.40694476837608","8.81110812756399","9.26983732952615","8.95166938235784","11.1118072932153","8.55230789828414","13.1259574460592","6.5378380632115","13.1695743037764","9.07135241320594","9.04420557302737","7.48614316636769","7.04209709503919","8.25445704549974","9.52033973909775","7.00265751983268","8.78048071336798","7.63627659182512","3.34251207839211","7.5165037393716","10.1504581319657","7.12599198239049","7.27045418940571","10.0346476710847","7.84609209367431","6.60822081057284","12.4057238496535","5.96216030351837","11.2158969643545","10.3140280368894","6.41447891037877","8.65792220053736","10.0885232566166","10.6143785750811","6.6293362181873","7.45549162062847","8.95619898603412","10.4434305304913","11.6570325621778","12.8123939342224","6.65648206938189","8.68492390686141","5.38774508555896","7.75749001942116","7.5281024293024","12.2304558212532","5.60117353387707","7.36558756429823","9.84021930211062","8.30443346566149","9.36422003200617","13.7638659140123","8.44237127917861","7.69652248177756","5.28018058251744","4.3013681529738","Control"
"GSM252856","7.82594458986354","6.42798322200124","6.19569208725586","6.38037274737049","10.5507852567381","9.81430367279923","9.07363013884318","6.27319135871405","11.5953926986293","10.008540671703","7.15654830519099","3.05569197259179","12.4707046247635","7.44806673450633","6.77924658579838","7.92746983824813","7.17660202839054","7.15151384671045","7.94867092488985","8.73555263928577","6.21462997108954","11.5365240699886","3.97390511091159","13.0546178834356","8.66274313384179","11.3780346921024","7.32367630298733","8.40336998915698","6.13400731306201","9.80844458248066","7.80560201359801","11.6220838586478","8.32736401481115","11.5405542924752","12.6777042281501","10.3438963370383","5.51498383162227","14.6284854119223","8.69614686870075","10.4699266654299","7.00960470939561","8.52092113358314","14.1137014757461","10.0135878760034","8.82411864704694","9.27452491976152","7.4051925310835","6.13326964697531","3.02845245890801","9.66070903878206","6.56350594641369","9.82213580595839","8.09307946534097","12.9107794989709","9.97951093988832","9.53349326741392","7.39525992237332","9.38826058503704","6.84270233063406","7.18274194888649","8.26387479387055","7.5818408005735","8.53187657087438","5.89847200004578","6.15578160877428","8.04749476524943","6.12332890471734","12.358175901278","3.19904880882325","6.65559511976115","9.75423947970788","8.60761142693206","7.17146705921315","9.70422010129987","5.74835925318783","5.32491498626143","6.12390618427196","3.53871197183927","7.46048866119045","6.388113748893","6.25751796225966","5.1518628747069","6.60280425676746","8.06292039698626","7.41416936689918","4.94162280850121","6.59782016101392","5.23014535975917","6.60147813486804","5.34551347250922","6.93999051475474","10.8165917071834","9.87352101318653","10.8526543451099","9.24324778281682","9.16366476952056","6.85392081665479","8.43980595598995","8.16805529996698","8.87668576270308","10.3762556493134","5.15227267189286","7.04289599921002","11.0338359276599","8.71577327820534","3.89343987731612","11.0139925649185","7.36438858201474","9.1674156367947","6.98106489112131","11.0309360648447","12.7118798779629","9.60108548478015","9.87176203883565","11.5351003760428","6.86863738417031","3.53389968867811","6.8456280412619","8.59499633654093","7.80704573999244","9.19149356201931","8.72519240820789","9.09620386236763","7.82448147470042","10.8023628787611","6.42361010353354","8.69782246077283","9.75960194543141","13.0810406418595","5.50772488182892","8.37304783342649","10.7668435838741","5.81407867632139","6.87399770587816","6.97610009525668","7.77220898688741","9.37078983016069","7.44120956196406","10.5594057720515","7.9164527585605","8.62558465637435","8.64561880728165","14.5747176883712","7.47553889717179","8.54352294917019","7.16314646881125","4.97859378053759","7.96207467862169","8.37383523456746","9.00236498205716","8.17504049449244","5.95194674549702","5.9033396037483","7.09422551144178","10.8138132507506","3.09356693666684","6.75327024325243","10.9506142160321","7.27297496415796","6.68108376626243","12.33254011661","4.87309462422458","10.1490357564581","9.76745120975188","6.9000093871493","5.51662034663817","9.18146785071693","8.8529570268452","7.37454396303978","7.38651782616507","7.73286612811578","10.302170514448","11.4047637169768","11.7339431966053","7.5069858701696","8.56003471013183","5.54147766889319","6.454394716052","6.98103063083276","12.2636976019272","8.76658853655314","7.35999547824252","7.44545359026458","7.52416556627862","7.99038765180274","12.0450975349184","7.51265356274379","7.4924460824077","5.04335762977235","6.13644980771442","Control"
"GSM252857","8.77447411235365","7.65013266735304","6.39484164704018","5.70567108908053","10.3015990776482","6.7578766597479","9.33284217321152","6.96524172931992","11.0644126987188","11.8629898527544","7.32852234808912","2.31347225296216","14.4677520026861","5.81902178898449","6.23590126010712","8.12426609116348","6.31495205578998","8.58580758228836","7.46339358478972","7.19173042372541","6.44101861892424","12.2929801291582","5.21430746261192","13.0955519657218","7.13229921642871","11.4333402769117","8.52986778651639","6.68208164108877","3.76536500754981","9.50152274261498","8.26819575872906","11.5523184665671","8.25325185156352","11.7319850629131","13.3048218749713","11.3997585647388","6.70901486490327","14.1198003360885","8.55026580686874","10.6461176442552","6.85241090547762","9.49677390278715","13.4003991693928","10.6581579163474","9.61862776657973","9.15895296587608","7.47493080994127","5.78108164004702","3.51503115580429","12.3352870620712","6.96287287577244","10.1416601356392","8.38962703751712","12.2335597629309","8.88949483721472","9.94438996227009","7.4945916161366","9.70352987741379","7.3325647309961","6.72738955399914","8.12328854858376","8.28543458665712","8.78055289027791","5.52472191823284","7.59349570271936","7.65632474713704","5.65008957374355","13.3446287991316","7.84492540762139","6.96453725735335","8.42499764637735","10.6158870739161","7.13897825331988","9.77535513243562","6.70572913971262","6.09523454560991","7.70686204146254","3.01404993782759","7.0849359132213","6.31691685656885","6.31066549018478","2.17623659138037","6.8738501017507","8.50647024087951","7.54921479192477","4.02524146113184","7.18913268990596","3.92625566399631","6.42039650078467","5.764664623775","7.05729862960065","11.5796977769084","9.31915952320432","11.3789017224124","7.76649578089267","9.33827732085301","6.81586998318325","9.44113277269257","7.70662033830952","10.8655940974149","10.515118307111","5.35119720867115","6.91922088592516","12.2843440857553","8.22034930420046","3.20852194184589","10.5753406971577","5.67573690815295","9.231622007008","7.2553118863596","10.6658777144371","12.8791486143847","10.24381662524","10.3246981134561","10.9616305625788","6.73541386279212","5.68503467690915","6.72470483556652","9.23869850327236","8.00788505786287","8.40463919868163","8.38486575585769","9.32574393175946","6.562759869636","10.5691815604463","5.57978355900252","8.61979813763471","10.3489494095096","13.6573184495813","6.71265080209197","9.01086373994881","11.7690319899324","6.65079327489483","5.50945832868699","6.89182014979055","7.55754028589771","9.13475230166426","7.34945374470125","10.5101806434316","6.98768467756676","11.3703931716228","6.35913985442204","14.9048368632522","7.62840908496931","9.90826350805216","7.50743788578032","6.10332138346956","6.82097031252956","8.97727706100692","6.64467829167124","7.92948330356481","5.78776938139473","6.3593472184841","6.75009729154459","10.5082008364215","6.11734180507849","7.11132349533667","11.5073635508378","7.41818994794577","6.55436782614558","12.638481167203","5.6608715868123","10.6962546935722","10.4747503614211","6.90439979773164","6.16303976633113","8.88631845862523","8.71588993947655","8.57060713260372","7.51584173573584","7.99489646689854","11.2455408223926","12.5501768082642","12.5894755970156","7.83718638515903","8.49031741206198","6.0280740248276","5.88443674429469","7.50644643815489","13.3091921069599","8.28588303707729","7.60203071004446","8.36585435545438","7.77086867996722","7.03716255012738","11.8402822561905","8.32916845551456","5.60369755079908","6.8146785889699","6.28406062872578","Control"
"GSM252858","8.51175660635112","6.68102752741937","6.34188437086448","7.70376517879341","11.1592028004607","9.17324988542248","8.09223387091077","7.20828313841252","10.811904467529","11.9294692486589","5.48815827573203","2.50774644386701","14.0147876572731","7.37049561586675","6.94058962841475","10.7822365400241","7.11604239346038","8.01632359442827","6.67977564577597","8.53156860881496","7.56934677878078","11.2286203062885","6.41536319600182","11.8758568393294","8.29103252558246","11.4510668351143","7.83452793497606","8.31796425999281","2.2685152397256","10.0610876215465","10.0650929563353","11.1710078685681","8.73984810269933","11.43600875977","12.4550343358145","10.0948430481497","7.1343441715453","13.8242427825657","7.46381043174468","8.47041484580542","8.13045730486875","9.35721328340032","12.7878903192798","11.2238810424792","8.80377595186763","9.06469696418069","6.67910002245794","6.81222865748295","3.28408469581262","11.370692855041","5.87772952849592","10.0746499298327","8.45907909894275","12.0496988280455","8.461033268343","9.54500885243464","7.59650286527445","8.79682808825252","6.19957419897824","7.24912293629827","7.25533077215091","8.4196863557248","7.0783429763286","6.38675405130596","8.73851453242927","7.07264177962278","6.09368904282576","12.0576398030011","7.63031081481441","8.56295977671351","8.07889265068384","8.05544513629352","7.17415670584753","9.6379434672807","7.60952597761507","5.9952742047417","5.80880719086469","3.2594562965236","7.61648268045106","6.64078575508799","3.1838056665008","6.62756598453631","8.26067494849088","6.87704481497589","7.66740963276151","3.15408736349648","6.81698362325538","7.42732122578115","7.51249554922356","6.31787384063902","6.97960239513227","12.6231201715418","11.0794447824855","10.2747858011505","8.96081285795655","10.7775840971079","5.04000252351397","11.3698045211665","8.73710872946406","9.28381762122274","11.1422602557213","7.34277694948057","7.08563710159033","13.4563415796861","8.00047894033062","4.93265177659042","10.3517453631322","5.28084499047432","6.73240488678496","7.73693628912556","8.53798711526833","11.0007676363622","10.175574499751","10.4173567669497","9.35322403188238","5.46973623029951","4.99047842016497","7.70430484287439","8.87605950902885","7.76581318085186","8.48759487539676","12.4168793167036","10.9443094263392","9.10707319130465","10.2267252645858","5.59531268889072","9.69985870832814","10.3640908699721","12.0327861754561","6.4611536274468","7.99448921353214","11.929598696563","6.597224248581","7.05135034801298","6.47060356460696","7.71426612744807","10.711167922964","6.8635668293235","10.5682506668533","7.82355831282857","11.2454873437971","6.73328654320124","14.3390009452429","8.77045907679315","10.1437148299069","5.67484477672906","5.78149348449917","7.296338095596","10.8865958709609","9.68225198383298","8.74584908369571","6.691171212233","5.01425262228812","6.90636151042198","9.57414882492472","6.98148736779826","4.28597918149377","11.0814035450625","8.12721023074415","6.44868294503917","13.6865224125609","5.56347543959227","10.6354279199246","9.86139247677539","7.19452048911547","7.99074501920726","9.1947174628936","9.41875497156997","9.30545075081458","6.98157869784235","7.94678348667464","9.60893303419804","10.9748519211155","13.8172934815123","6.78541977214973","7.3049581641725","5.38870961281946","7.26147440010073","7.1054476104071","11.2098493213286","7.62293035092018","4.73982650530652","7.03546995539938","7.7021449742703","9.34999990894388","11.8882714043808","7.21206345093292","7.50607347752202","6.64426008784308","6.37744654900718","Control"
"GSM252859","8.5204929671383","4.12803763985541","6.04210147380193","6.21430357652803","10.6043586328095","7.3423947374009","9.22517851043715","6.47711386714932","11.3471728786867","11.5368300050481","6.61806241986737","6.1605168740299","14.0235984340269","6.93627280262608","7.45847223539909","8.56192560719255","5.52417653867265","7.09043004232162","6.62382297648047","8.86126684383256","9.2502131329201","11.0287210824381","3.46089979718753","12.9220584404201","9.20112902560661","11.2135234761464","7.48050748997454","7.33647978099948","5.73415410956503","10.0841440106151","6.92338691550471","10.6783008302537","7.68325431561169","11.4295584309872","12.7648591536563","10.8533173537342","7.50276021439053","14.0449063490961","7.89918771735214","8.6083805093443","8.40492866056337","9.2151276777645","13.6881847305954","11.4117175264819","8.40488183978459","9.09614059713726","8.79184662257801","5.87236584113157","5.66119662794039","11.5039201261125","6.84720771689074","9.85662472195579","8.11080691745466","12.3204169824054","7.82430962034426","8.9290985935656","6.55612588413981","8.01145091173575","6.93588400748807","7.24330729566702","6.73659134660265","9.20905608239967","8.48538657284077","5.50352047435477","6.45508387343935","7.45238951838232","5.77671989789661","11.6564919014526","8.05384444771597","10.0584247369564","8.19995693007334","7.48257404171314","7.0889578017228","9.8260860516688","6.47645783859755","5.91945211818906","7.5618988845026","3.47473454575591","7.80909283763592","5.74252637146167","6.03498159153353","6.20345372332282","6.02539208103707","6.95930648975966","8.56978726852621","4.12027728195139","7.30500378111286","7.03030296840471","6.62642161397907","4.77920718135888","6.70240820818721","11.1475928992139","10.1443650859648","11.5602134008715","9.52905763077873","9.40489673746993","7.57081961392387","10.1907136174427","8.12061632451273","9.22646999577268","11.2769676699928","6.15845619648269","6.62732375732699","13.0471562973906","7.56613778057147","5.65097991352072","10.8977698410763","5.92926551111815","9.04353042975714","6.67752233652023","9.89037372918414","11.9880313501604","9.66075894582734","10.7171965872087","10.9838914156876","6.30576263538729","4.03086573451381","7.36964096451698","8.56047423050575","7.37050433418993","8.18087388057934","9.07498434994374","9.26584239074613","6.00936284974686","10.284835664868","4.9867385764139","8.19765410501735","9.09381103303603","13.2083776451102","5.71533605764007","8.47899606539579","11.0508009581508","6.58490238717541","6.44520526076781","7.84246977727512","7.60528689893372","9.60698994554111","7.51204511571888","10.8875785788007","7.35565061727802","10.0917659385168","7.35101871537472","14.1081813838811","8.57572831636378","9.5312196356457","5.35652767946236","5.78516864210074","7.97813841506996","9.28570274902496","7.25510412633659","8.5205165392386","6.83645437936635","4.54195461847365","7.25276003230215","10.6221250508485","4.26052253214478","6.62526172094221","11.1830956654471","7.6007083360756","5.16385694634196","12.2918671237818","3.55628225672915","10.6687343264265","9.85771668411025","5.27931528002113","6.46065083639332","8.973553878808","8.72853959173299","6.69755143881627","7.67967010048665","8.12396617498933","10.7420483292916","11.4568882675127","12.4248197635519","7.0202910576757","8.76595569200049","5.44999378818002","5.18499432315996","7.46021013598182","11.220426698889","5.23486915170538","7.68860001099912","7.61926626848919","8.03923163076519","6.6923574497762","11.3912221046057","7.86118618481876","8.11567314707119","5.9430961577784","6.44802542411926","Control"
"GSM252860","7.99185059569846","7.65821148275179","7.22314255651804","7.78886186106633","10.7404975607124","6.49999094636346","9.27536795556116","5.7623355262034","12.0679384764361","11.6679497651941","7.48400113957889","5.42450224854271","14.4397919338055","4.32717715769547","8.18942430371085","6.31997191749727","5.95761748798149","7.51751979671815","7.57476001892857","7.43791016722715","9.00919038801247","7.98182411869108","5.53207378799063","12.8196063190849","7.59463065423722","8.87942089899805","8.07609406913337","7.89524202299072","5.79163437412663","10.6313316868601","7.27971271513917","11.0338978563859","7.80343371146442","12.1166591101897","12.5687280623252","10.7425704956285","7.43735259748697","14.6959133654512","9.32526497360087","9.95633404475161","6.76286700837111","9.52824701983667","14.8084463925314","9.73896707165534","9.10422918761291","8.66221262194568","7.5001088959055","8.61910483492851","5.89503112091483","11.6153859489659","5.96970539006219","10.2814200687101","8.25807602322463","12.7175457692919","8.25364896783532","9.80847515192247","7.45568887629145","8.21961868726463","6.71436917194166","5.65140765558925","8.90902000413845","9.03888881854822","8.16130827159459","5.99890629319962","8.067875303592","7.78418331931585","6.85663717062581","12.4910513763641","7.70357832495282","11.4521794534529","9.04052809538385","9.94439581925334","7.28595699488942","10.3407736553608","5.81362473047102","3.09883555615636","7.17910294553077","0.786495997005665","7.20079073595612","5.71666721168095","6.25269002900848","5.0722087239225","8.10738971779559","8.206101056652","7.74265975031319","5.86346771419433","5.99787045388805","7.52624882423182","7.76516341676755","5.14496000472086","5.64103440588326","12.8298673936823","9.32574393175946","11.7439465931304","9.91146839023063","10.8678424236757","6.54308596865078","8.16867211813223","8.32020033509767","9.18997277335963","10.0381508102694","3.85425502960511","6.13635341783302","13.4693747209732","8.82871725439339","5.84243080520715","10.2835398482318","7.276952553723","9.01525334996769","5.95121942789599","10.5360820492259","12.5464893683165","10.1401523501333","10.6023462662321","11.0391452497635","6.23790018555584","5.61040478489906","7.29524547515673","9.29344405918709","8.0897417714951","9.86940877161124","9.00766645369165","9.09116295438979","8.30161508095899","10.1448239138451","6.11534750775615","9.13278245729886","8.85640685284069","13.4869606863897","5.89726463166436","9.1988648966968","10.9858703922462","7.29965678703961","6.62237254544192","7.60266917581132","7.66531459641127","10.3917913443062","7.24949274747838","10.25637382814","7.41983380486439","10.6234425806578","7.76215610677103","13.9706361957242","8.17390195437637","9.64747281735612","7.60915657108245","4.01489977188754","8.56832478038921","8.7065961657669","6.97175045951755","7.76654215946835","5.41665061218896","6.52984592804472","7.46412911581574","11.4088763538668","7.42753075111154","5.64228857158949","10.7895091923048","7.31936503580131","5.26063919795398","12.3519633964981","5.17611928083668","10.1016474500308","9.9362109558623","7.25187054870193","6.83320635997039","9.39265444162767","9.9209661309889","6.80224492551483","7.36777292326472","8.22230225007851","10.2415780421919","11.6040852270414","12.6694741711894","7.11438784892182","9.18981961813512","4.79078767392294","7.34145210748113","7.39477135116813","12.7027982083026","6.63405302785978","7.63554400709217","8.53703586768117","8.15427636394841","8.00256751452722","11.9361520517175","7.79276427025501","6.93657905228892","5.02075997709873","5.72011973815529","Control"
"GSM252861","8.7135171163192","6.89529050186842","5.36162099490937","7.45005649389084","10.5882274095386","10.1650702888159","10.9561292733617","5.68170787024148","11.7873843037879","11.8209567547411","7.5385381636298","4.25860183583692","13.9287311737367","8.08439385233163","8.08782346993385","8.52615099410289","5.88634040967652","6.64591777000439","7.50845242257507","8.10031016280803","7.74307732152042","12.2369170890375","6.60036640179873","13.5654948378992","9.02745266484219","10.4735332652183","7.56179198879277","7.68054237637917","5.14960081061714","11.0526020121521","9.14649739835387","11.0677973418009","8.30817063003854","12.2218982217006","12.7001557463095","10.7973616086337","6.18767670492318","14.9076324159785","9.08490137620059","9.72162899125257","8.7212222569685","8.81420431970655","14.5012151995334","9.71199384417405","9.11833636337443","9.91171255112461","3.44003527726593","7.38068616423286","3.5277459712818","10.1215594182752","7.02033551155364","9.99370266292938","6.39223154551805","13.285831322136","8.09912159071091","9.47739198179794","7.61140110345413","8.27182715739543","5.95176728131951","7.88905975486143","7.12135737864772","8.2921789669085","8.71499415082078","4.94865690968286","7.85908125229074","7.66268973543405","6.08851265632022","11.9248050823159","7.96192424419911","7.30732833455775","7.990841436517","9.56676759603292","6.22008419592525","9.62199323166612","5.61048451570871","6.65000338266271","6.00251575893385","2.93961400311986","8.36677243971189","6.61306010689612","6.4777339852571","6.79178802950006","8.26054793598738","8.6792126483187","8.15723070656218","6.28508035098961","5.79015427786476","8.45607509052431","6.71710060088314","6.32286373982812","6.92669924063131","11.4365866280681","9.45525117881839","11.1997582169855","9.50106488764036","10.6493370236665","5.60227276636855","9.42916609790688","8.41765001716069","7.25091421538195","10.215460195804","6.81252389583544","6.81936162932009","13.1247481533138","6.61488354591789","5.03458109780148","10.8773378213349","6.40715557387651","8.10966352698324","5.3534397466787","10.8453410693078","12.448387366163","10.7420483292916","10.1997827509465","9.59551857909537","4.94298828834541","3.61825040387857","7.33770217336283","8.25735012468219","7.7615578807934","7.79490967742829","9.49655222760399","9.68387537669139","9.26254591075752","10.4646988945452","6.69054280902652","9.12234140752612","9.98370619265935","13.2738859104955","3.2875180989252","9.97852456967287","10.8508041102769","7.47702155524089","7.79256256797977","7.30494904061134","7.00474856179968","10.2795757609611","7.16431364088793","10.9059209591042","8.18309442448799","11.4155410866481","7.02485154834094","13.8017285645879","8.03917678628421","9.01519479807075","4.46266095010059","3.58973952175203","8.58294356987135","8.41081171524728","9.14003472772913","8.70119554780617","3.94814292471677","4.28013974299705","7.1669764881012","10.9902032609839","5.09754759306438","7.09165752574399","10.7427388960747","7.45680614923047","7.05215501683373","12.4542890106535","2.72562338067296","9.75047419366522","9.68962589675678","6.4430230906208","6.27228079017608","9.24727957891094","9.69953948693855","8.73486878202558","8.07735517094841","8.25002359267626","10.6140196144357","10.9923223338765","13.0606554059768","7.25698232239296","8.51704730091722","5.29656019114272","6.7029622279098","6.79882817809111","11.7010464934849","9.25655310117636","8.18892506449667","8.48753860365009","6.96885107779727","8.60341493202283","12.2736615785067","5.8688916790418","7.98734929201744","6.90063740726827","6.95670720579646","Control"
"GSM252862","8.6392249265987","7.14894427004183","6.32236624696505","8.1486545247774","9.63193004421831","4.25164335859503","8.35786865901992","5.32432818460975","12.4633327845445","12.0826147809888","7.04512621060661","4.66843119063099","13.7718505107511","6.83026800246406","8.1184220243132","5.17933189655219","7.11167820938113","8.1384100464892","7.7386665203887","8.05654559643259","7.99064292326716","11.5377134531898","6.90942510678344","13.5359678790011","8.12998873438389","11.6156158444066","7.47741829263492","7.25891459401016","2.34876780567258","10.9287256228708","9.63627659182512","10.2158363099625","8.12132629311662","12.0807109534012","13.0001690559197","10.2731078827631","6.69963491377698","15.0845219126618","9.85001332867559","9.88572992399673","7.47625205954784","9.61937632647001","14.8403894685348","11.7336382076795","8.42806280868488","10.1926503612398","3.64596675076063","6.79092839084601","7.25017522686341","12.148142880638","3.56767929471951","10.4762399063239","8.46092272562639","12.8960561005957","8.96412711936016","9.27987750716982","8.18359072298196","9.03095950752644","7.4601363997191","6.54725084640475","5.00867511977545","7.64888242977143","8.14227557466845","5.67379949084347","8.54355388082778","7.53658137704875","5.58405151191549","11.7351074918066","7.41037502763138","11.7430924730418","8.83752701982509","9.83189940320826","7.31666167423454","10.9001498096066","6.61305715924877","6.39637701431262","8.32970217323359","2.19891841332186","7.54882190845875","6.45084338383515","6.76907084654117","4.73066169127157","6.04045850510182","8.4218292048953","7.73450640943025","4.31463127666638","7.20806849375435","8.39502851453223","6.16328134555912","5.77119892042008","6.35395309756864","13.0491593618761","10.3205636522175","12.0243016697768","9.85822505112279","9.81998265316373","6.63676235872096","6.6809291041685","8.92581847711641","8.13681172499046","10.2547688141043","7.24296446799027","7.6363201000066","12.2740781672976","8.71189407047239","2.6435168279906","9.60685858633429","7.43899971873248","8.7486188849808","7.147449170093","10.5492552297378","12.0402931462236","10.2873199131205","10.5097750043269","11.0748706558034","4.52852756229175","6.30528292536699","7.59772483156402","9.15041751212057","8.87800185106403","8.99313087142926","10.3909857504465","9.33434480366044","8.75598246610338","8.78192028835636","3.20142685094313","10.2747625100872","9.16387857720849","13.3630396302565","4.08273664688483","8.94829713943469","9.85780220179726","4.81485800155505","6.1167244706103","7.72133164216589","7.20942412151416","10.4277318668044","8.64992436964816","10.3868971469945","6.93399745317577","11.2015235966353","9.64618966422541","14.8867111261975","7.9584077136679","8.74195903677109","6.64164862094042","6.25094831340757","9.44012998628703","10.3907063728728","7.61788616260818","7.56110461290267","5.00268902036307","6.84189766219237","6.41472582094299","10.1690982205476","6.12036023550605","6.43729932581705","11.0823952367507","7.74897773055881","6.85149920246126","12.3847837500934","7.28231932826794","10.1267173770345","9.6969553588754","7.28574435595986","7.89669568115902","9.88278058788361","9.8098195665024","6.42597954260817","7.56345560981242","8.7641384490739","10.7107375683307","12.504108883822","13.2534013739426","7.58988330717863","8.07977276074766","5.20308366822331","6.39270209016962","7.41953046453216","11.8950791523315","8.26178935642425","8.21515437912315","8.39483993254747","7.20566619868506","8.65335385888281","11.6378565474686","7.29226640896843","5.53523493392881","7.44780232758642","6.11222263008833","Control"
"GSM252863","8.87726265783909","7.59185890498717","6.47954262409854","7.12502077667436","10.8185182693083","8.54320199408379","9.58642887091175","5.5408115338828","11.5625477241991","11.2081428912577","7.55836713739173","6.33767541673564","13.2669592556146","7.87773811602848","8.30472093282876","8.7961337298454","6.71434169412967","7.42670085240069","8.30689561326974","8.13246374213188","6.02914364060378","11.6922972891472","4.83210517710606","13.0286692898351","7.46347532898008","10.5494477752041","7.90146428595535","8.01909584634575","2.60765935866109","10.8559507773947","9.55088912427201","12.2488793069511","9.21629479394528","11.8951776344627","12.5472681042311","10.5098937397734","6.53383429528431","13.7993221006129","8.83593985995934","9.97793814605858","7.39781151671759","9.77681956370951","13.6341417203433","11.1097784290787","8.9574009996979","9.78910158685014","8.01145091173575","6.82080442024168","5.82575510467983","11.3531247657722","5.99424027986904","9.74258902063977","7.01613970265525","11.8756956044621","8.32417604522314","10.1084721842717","7.73121040048525","8.59548501204501","6.47040833782022","6.16814859183512","8.62391805976647","7.80062815598076","8.44150007897906","6.02418003104742","8.70428754907976","7.26246134673904","5.97765085453563","12.6622188539224","7.63169364087535","9.35771913643549","10.2118518009553","9.36485910443474","6.83150993534242","10.2285060727022","6.49719878485601","6.15891258450803","5.9014510113549","3.73107460080699","7.79454583302205","5.90065189681351","5.68720629462178","1.92225875244234","8.87914516741467","7.06763871687536","7.73885563860181","5.98541845666692","5.75215983458842","8.52000179410167","7.146767215609","5.17261952182745","5.61401188199302","11.470933356518","9.33590168382804","11.8419338190369","9.95847151623916","9.05123613566394","7.25043107342028","8.18874707607468","8.46973948581207","8.55044667360203","11.2389540053811","7.34741762748437","6.84292856279266","12.4754395937686","8.39472419957862","5.11655606080843","10.6774289595118","7.43872532908303","9.68647776603822","7.32412652894449","10.696506833185","12.1227018343441","10.3719508460516","10.7138676194761","12.801306207195","3.69050649292008","5.61053471432837","7.42247690588163","8.65729343669502","8.0833516730909","9.0816858139737","9.3910867428705","9.1308021990772","5.82007682109751","9.7893184472881","5.43019828039434","9.21668038987609","9.87065446256712","13.4946181151409","5.98595347834342","8.2081758200753","11.1145427177669","6.62428370632177","7.40501378535929","7.2174924718155","7.78183834656486","9.63513403252759","8.14259723499008","11.3223056258288","7.63454970815526","11.8262664350853","6.4462926276998","14.7650322267147","8.24359768315917","9.37078983016069","7.14442372210395","5.26144054995619","8.49694163434163","9.94800505214918","8.9375621454473","8.3113260009928","5.80049355907605","6.45712474205329","7.21876179741986","11.1089033758189","7.09629348336182","5.83841481511297","10.9970736041289","6.90389389324363","6.06013603576725","12.7661872425967","5.51775756107075","10.6395035114456","9.75333209330236","6.25531755212295","6.76311939382756","9.26652186619135","9.82835231681161","7.96244491192344","8.02119653518168","8.509996635923","10.8774375219706","11.7415891721036","12.7189566322536","6.11701134574366","8.8011748268137","5.01871428207887","6.92513306688693","6.5478153305708","12.2061047206285","9.43745247656653","7.82322710392075","7.82016619514594","7.8779773196061","8.44991210165323","11.7588602921182","8.52591226074335","7.22607496255045","6.06156452919446","4.3394581065642","Control"
"GSM252864","9.02936177579064","7.38066019304709","6.94281943303959","7.29069164043377","9.72216372359893","10.2744363957139","9.6529184500087","6.36787773727979","11.7735142586757","11.8660463620055","6.97760048678107","4.87014274942513","13.2535949026283","7.19821910385719","8.0937027738408","7.36869851704981","6.79616942931406","7.6001359221104","6.93046532843056","8.45631744878311","5.06519314936397","10.8165837077876","6.44622479467808","13.3797709389946","9.28911515108772","10.3735612155231","7.22209934413961","8.26482257716944","4.22909566135538","10.4481885932569","9.30217051444798","10.9092405741294","7.72911086723005","11.5978663339518","12.6741988900477","10.8154153197653","6.45442761887558","14.3946234614742","8.3130553425053","8.96446217038381","7.91046884713437","8.97420232879782","14.4178788796859","11.3837042924741","8.72732828366814","9.79096910498815","7.25303433679954","7.24893325276164","2.36542379132224","11.1476628506851","4.12970339824715","10.017128541578","8.80944338531367","12.9859575329363","8.46132391433088","9.3626517922194","8.05809998849341","7.93076098810741","5.97833293549279","6.47636224410682","8.59705436845572","8.6580007767533","8.0838888084521","4.5860981759524","7.54042255471877","7.87182517125164","3.80093095311164","12.0923475264914","7.48606269655213","9.81145979154232","9.34779186888128","7.96483756615763","7.63519571756258","10.2242549679803","6.68192708593935","6.52569306090602","6.22604027154026","5.63450324239566","7.95443480074074","4.66719387804024","5.38941193399161","7.22605568987","8.26342414383833","6.79389588254888","7.67112350042758","3.18719764954929","6.70000961993801","8.02733101501709","7.04257867928333","5.82747608979419","6.84768378771685","11.8030130642947","9.65646776806852","10.843913202002","10.2327566774739","10.1892809754777","6.50356022588251","9.38723327982751","8.67863534782274","8.79156665639392","10.9072662485311","6.61494536693687","6.98672947627519","12.9415336818549","8.19930917180578","3.9250594623593","11.032100843167","7.03808494731697","9.26240731713209","6.75349757093864","10.2985208571259","11.9811426875052","10.1316640740465","10.6479710137957","11.9455060201688","6.00445869502092","5.26453643099903","7.06030683786377","8.82559166961628","8.22957830986853","9.91550297450936","7.87966288663145","9.40207833830611","7.59360774422994","10.5289521794653","5.67434482905268","8.33042842972519","9.43160415708936","13.038946416694","5.29195711642981","8.53165437700573","11.0165436764929","7.64994591908129","7.51245604313919","7.59540668589014","7.24394511924916","9.34495495801682","8.2066432239834","9.93267834814253","7.19841557333781","11.0941766778182","7.37783520140455","14.3967385560478","8.52685913442949","9.5486562490502","6.77786678964092","5.67522032965836","7.75647626323692","7.33193805224258","7.15920532382163","9.19627998906915","4.61280069087322","6.19561138579801","5.41553221376269","11.4434046285331","7.39079663923575","7.47472805722774","11.3894753928667","7.19661687918783","6.26334996086142","12.2697695523224","5.24366146536905","10.8101699376647","10.0157913585335","3.5687739409722","7.15890248898941","9.31097397819114","8.97161827327292","7.95094075878708","7.68622736973985","8.50897922466596","10.5320831414925","11.2490423238425","11.9622561915849","7.95863391005298","8.9198346427746","6.11467518901482","7.16584161086162","6.76697936989803","11.7383329702682","7.145392148306","7.20629157109479","7.74954097162692","7.56903531693964","8.26592910025317","12.1366707623418","8.03567888943923","8.16416779600756","5.99065540204741","6.54895904464692","Control"
"GSM252865","8.62966625623973","6.62567670165236","6.76548170512909","7.18834157601082","9.96269360907093","10.5827253411474","9.30934901816303","5.89165491795511","12.0836787644735","12.4811712685938","7.27973128419631","4.77827692403393","13.6890151718986","6.97903070471882","6.83119321729497","8.4954153575311","6.62183649763144","8.00096898524856","6.59194564954119","8.4951354981605","8.12886560550107","7.41291698330213","4.31299183382038","13.0122701063025","8.89009400159414","12.1215853187454","7.92156724525184","9.05285058487753","3.06839221809853","10.4170507949203","10.1487053614891","11.8292391133895","8.33547968289066","10.9730659145425","13.2596108732836","10.9834924442271","7.78614544923176","15.0523982320716","9.85536373775931","10.1667907507182","6.67739548326346","9.45888640642328","14.7180725957776","10.9158569765649","10.1378749084387","9.18633960433974","7.87228087454741","7.19302260888382","5.86259520731351","10.012065787874","6.14423607806913","11.0329135631627","7.59250188719397","13.7346143687293","9.33324929018504","10.3237190804937","7.28802627583967","9.14179039567634","6.71719658720868","6.167133091313","9.05069758419835","9.57073045146632","8.29106016138905","5.52372189816275","9.1302230386496","8.57052364923656","6.98464630971817","12.2101416496436","5.70256889581087","7.53867783259353","9.77129137420209","10.1665648216695","7.88384072254947","10.3367296972387","6.19405552434522","6.10292892617537","6.06164876829533","4.67557320384229","8.08743632087716","6.05350020334254","6.1873421747443","6.35014183357464","8.23715736776509","8.06374020816327","7.527461367005","4.71547609246374","5.13500944135116","7.59979385212224","7.54753465840165","5.18418506388099","6.59091335025591","12.6033249793937","10.512375052284","12.121368387946","8.65015780469748","9.75562702775628","6.78322090061498","9.1450023075087","8.73795034821087","10.027519014969","11.306990139788","7.4281088831793","8.02878461215859","12.1794177438188","10.3085096858628","5.70343574611525","11.3737406386369","5.83420808576287","9.89912728198134","8.25711436477278","10.0165576046079","12.9397903876695","10.6412569987268","10.2835166980683","10.7863104734757","2.84373667595459","3.8630563136264","7.70862869717498","9.24087240696052","8.39214136889229","9.51719103476671","10.0836388792507","9.90217761606722","9.76115393798176","10.9879247998288","6.51910310407684","9.55264604494595","9.94373822437244","14.0218908818771","7.16751850373522","9.71067214318551","10.988911864954","6.63686819070199","7.62238133145182","6.57612301367739","8.14645157531692","9.67202748517597","7.56400464146863","10.1728400054434","8.32758407989528","11.6798495228845","6.9280267833005","14.8024709267819","7.57771582781972","9.69858313499353","7.45124408734212","3.59780526620259","8.26975319183067","8.92655693143626","7.86745790698296","8.97376336576224","3.67510456812569","4.49988414589191","6.74619182008013","11.0685095946732","6.30845189271839","5.58890048769913","11.2803532095363","7.59954096564405","5.24863350193314","12.7500453550894","5.40603999504642","9.9151563566973","10.1938826019734","5.8010111707624","5.96441711632617","9.29760184014347","8.96935486085434","7.45607509052431","6.84931126407232","7.95182671673383","10.4277737623785","12.5406245154079","12.6547702680989","7.67183116873412","8.33052702896008","5.82845641276686","7.39144123477708","7.3213599218486","11.400778059918","9.9741133993635","7.07056106707866","8.85467518005944","7.40021342332542","7.008193289512","12.0668157381916","9.26494921391401","8.16263805131353","4.50279521423162","5.81524494417267","Control"
"GSM252866","8.84955522725452","6.60306102415202","6.46482833977358","7.06849884629981","10.6710633326117","11.3322044239751","8.16960937737948","6.41316246844879","12.4741317991631","11.4597799546452","7.15755915510089","6.49211916887795","13.6479755093702","5.78552439676974","5.69743467520484","8.11897220969054","5.90406013857347","7.61519556781274","7.62732229800369","8.28392177230762","7.94937734849624","11.5541811176085","6.29303199094929","12.6023184258152","8.84433543300288","12.2989188779087","8.24717274857339","7.93073733756289","4.44802872899375","10.6679719337978","8.22227326526294","12.6182707795803","9.36734485365458","11.3929720688524","13.1511846531891","11.202062587597","8.28037177035151","14.9648372052471","10.2761127705899","11.2329664817378","5.91196475739418","9.02372386374487","14.6136686210427","9.124299698574","10.033946021335","9.50479118594642","7.7306535405519","6.69048693771489","5.58902637391877","11.0847884609397","4.67262334534974","10.701756963038","7.45497369615734","13.5466292342152","10.204204310741","9.33005413947411","7.58929159821378","10.2784726898376","6.63098638176726","6.76626386564751","9.79791275985519","8.93736204904742","8.80759320468442","6.11564297910582","7.75435307169213","8.2656947382418","7.19386043093956","12.7739324708645","7.91483954689639","9.24690207630818","8.57720598619958","10.5580284152637","7.57810847186878","10.1996846125992","6.23358900119019","6.06400331193828","7.77387767754822","1.42006733346493","6.99078472123283","5.89424542117267","5.67458776312212","4.58346492761578","8.37251250331789","7.62921088594737","9.01373580994293","5.1089133047729","6.13479593138644","6.0103904733478","7.26593378710509","5.66838296666748","6.53109757258973","11.6046690477313","9.4525233673338","12.1980428725297","8.93943523145392","9.10245605173191","6.79234782166242","9.17184981491494","8.30559211036406","9.65412401363447","10.6307130627687","5.37046422946709","7.87009958459479","11.4922137250132","8.97291949307338","5.81696315027583","10.7879923170373","6.41252242655572","8.96042193273547","6.8374765605048","11.0389121323604","13.4025324662081","10.2273993424118","10.4348679619508","11.9236877427498","6.09168925715492","6.43214933371586","6.53645860117144","9.2332170080012","7.33053151058338","8.49302280798833","8.94862420700374","9.81078207935871","7.70928374209526","10.8864968012501","5.77758015216901","9.53073405209549","10.1877479557689","13.7363385054645","6.725318536538","9.59467170482849","11.1518474035974","7.08735675683242","7.27935985763515","6.97337019398474","8.71924848079096","9.01502470527315","7.3185518477013","11.0337739962754","8.2257954834818","10.3444956518626","8.71004184378037","14.483702432594","8.38158188395871","9.65666261127113","7.13206267785438","5.08519518014456","8.56220044042117","9.10575401934262","7.53263644910901","7.83632182136186","5.92619160690303","5.75506382078255","6.65070712584629","11.506808395502","5.73305600816393","3.84885825890947","10.9164169290032","7.1447296111393","5.83151246880648","12.7180212065397","5.23607161145556","9.69820632141125","9.64681068728223","6.22708834277783","5.97105605908857","9.01971303257974","9.34426705372646","6.62815533148034","8.07220765184115","7.82481239579232","11.0721326041672","12.3349743474278","12.442238558833","7.77276982950692","8.09457389798006","4.78362427803265","5.96347181196175","7.03172601123083","12.676419926214","9.07783847916543","7.37555210534949","8.6428603866049","7.82130203988953","8.19119249414451","12.8180688350197","8.79583187175359","7.11125045514712","5.26943716421581","5.42250549896308","Control"
"GSM252867","8.4662926709622","8.08573269178688","6.60904277481479","7.78594935628293","10.4304107338119","6.78301130938344","9.64687547428801","6.34212090463395","11.5270762017681","11.0940248870831","5.54591896089484","5.31614212106632","14.1959104260402","7.41405940377507","7.95394614399377","6.63337598930329","7.43650334601291","7.52044582178223","7.42166933783513","8.92011759803397","6.05793758684514","10.9846747885527","6.4677000964904","13.1845391086872","8.89742498675034","11.0458347287081","8.08243116445774","7.84493795765197","6.48963766077274","10.8943857993956","8.00611846138338","10.426642154619","8.36705212069969","12.6085482294722","12.4175888403826","11.0463805554227","6.93842694887657","14.1420113000291","8.48453694450791","7.98895161745817","7.88392623260048","9.53578858922289","13.5213796021529","10.7885307456739","7.97897352321573","10.2364926183813","8.18466214541475","6.85266058661163","4.02909945730875","11.9022771224668","7.09712616520829","10.6335765188153","8.1449029194746","12.5773414894685","8.29393139869572","9.19019506653284","8.34161222013219","8.1266012351573","6.35861603957995","4.41913434086173","8.74971191202263","7.90506804239044","8.72578545626676","6.04513058018525","8.64501348824111","7.71581102259011","5.95130803106205","11.0801313183203","7.90693868464174","6.81896556707676","8.98951939081224","7.99822935824039","7.43907454321691","10.0158749687938","6.8299636925959","6.5726593037626","4.7961149061335","4.72308340954629","8.01851734208616","6.83337083237979","6.95432428572233","6.95689302432336","6.29935457043971","7.98524424721962","8.02408692477182","4.87662990209511","7.660131417366","7.0937186171573","8.51424063838618","6.13598830840151","6.62695158207233","12.5134339944139","10.328775890011","11.3336976569724","8.95700624575344","10.4848430294327","6.80730339631461","9.1398071267175","9.68543912567974","7.92150774015836","10.8939006330968","6.57090156264195","6.96930017292041","13.3310148839596","9.10810360934801","3.63531327467924","11.2369708862593","7.63667536771788","8.51410252952374","7.76551485612879","10.3739200394392","11.2221428263861","9.98689440738161","10.4886837034106","12.255483029812","4.04683152538276","6.28976439393145","7.73266265747083","8.29158053690121","8.22633511854086","9.42548238380731","8.66611746138935","9.74065439894593","7.08955111535092","9.32802859878979","7.29810840321142","9.4729466639559","9.4532870983394","13.3732186185118","6.30911432725477","8.20894638370714","10.6651226952658","6.84041287714286","8.49379942116101","8.03264638032572","7.71864246535801","8.63745809797764","8.5787915688048","9.87224085232123","7.63409950812174","10.4684407672635","7.7025121030923","14.7859326054413","8.29874536580209","9.51128617283948","7.5590481682796","6.9690353388625","9.13981224174137","8.56676949838214","7.62475890834118","9.66529327532226","5.35907834240064","6.06296139861111","8.04053631448686","11.2033908304411","7.97233653086411","6.89163790772123","11.366234775533","7.90205548519593","7.50380189159965","11.9601612570598","6.81442224656679","10.7076869800634","9.5358974290357","6.21955576916691","7.81810918995253","9.15752631361172","9.96786027116915","8.00676926920299","7.81195903925411","7.84755852115075","10.4507060801823","11.4339348585862","12.6418214572639","7.3390928346072","9.41883085340942","5.65773717236228","7.91897650227366","7.94697643421135","10.6422502980988","8.03146136533543","8.16664013528365","8.04846507673546","8.43873780247204","10.2918728779554","11.7590767511139","8.08113720300092","8.16597221741348","6.76419485781541","7.00929117984133","Control"
"GSM252828","8.26695047399897","5.69182446133821","5.95366101777097","7.94744407873726","10.3454385137064","7.20171226637827","7.1961447190775","4.55856153180046","12.2164033290077","10.7532585415933","7.8796383834016","4.16288674522786","12.4854092160393","5.76555331033414","6.962259807149","4.8530774577922","4.79248578357405","7.03300444913719","6.33686356313192","5.41881399112334","7.72167341746276","11.1356515771486","4.16270954261867","13.2350733221691","6.67204340155456","9.80438919853563","7.07551123873353","6.72770267283724","2.03631694062091","10.1519932312382","7.07809742302666","10.1769211116444","5.7733053956161","12.0959606714744","11.8250104348491","9.28883839629762","6.10843454689434","14.5623378374046","8.3343716221289","9.33333875104563","7.26436753121453","8.89893084954004","14.1468152556062","9.80304940142348","7.25200305974414","9.50575598825375","2.48800591412273","3.60698698546536","5.71841642832791","9.77462565318215","2.38901605968851","8.62231177407514","6.10084102240715","12.4614129385349","9.11733141442816","8.44210997435392","7.91276361873655","7.40442632200452","5.28702895733093","5.27106331332808","7.07089375358789","8.67029862884924","7.62655594938034","4.69215376539975","6.12131593112408","5.19732286369354","5.95429171125942","11.3958072256015","7.04765834662568","6.07371099897962","7.93919130932839","7.44940455141172","6.97278454248179","9.87472935335043","6.28115481916745","6.44346244106452","4.67326808229718","0.998643228879187","6.58159981042678","3.14850302075263","6.5387259376615","1.85567880687104","6.74730682992118","6.00883644092522","7.94504579663449","2.95107112199963","6.28475656085584","4.14599530213805","3.086131553183","3.10570656949946","6.18087189198408","10.6953675074604","9.60061171069061","10.428485801055","9.64065888330216","8.58734623697928","6.03892337771161","7.1756144174374","8.33294060762561","6.38525327793036","9.76763162701308","5.49165431131854","4.88341554019279","12.2871525052509","3.52028394433355","2.04906961053217","9.94188098795364","6.39363070783942","7.54514210316553","5.34885914145387","10.5108828219863","11.3714172868587","9.28055968515742","10.5536100962498","9.65946972104301","3.68083067420256","4.99768080799045","6.06237863453624","7.91553882677181","7.1176223243532","8.50972750741206","8.79514352895776","8.34434473676779","5.4757561248672","8.59800037604433","5.9799475864356","8.49345119788222","8.31444729487333","11.379524578754","4.9982271012593","10.3707636802085","9.21373852568201","3.61562816576782","7.4027051252244","7.99878785250823","7.1108225740478","8.44633067897414","9.26068200441321","10.6914818216089","7.6614859669791","9.79130780211043","5.75825253478989","13.6801946723405","5.97554535713344","7.55133143929129","3.83755981743689","6.3239176415721","7.88372466508729","8.4385132649681","5.43354371400936","7.27718509419554","4.68300020000181","3.78800700412042","5.60780669437536","8.77354145645431","5.1615733179248","4.92880140884916","9.94704805210874","7.13729858092114","3.02065153914027","11.2036294173121","3.60004371992431","9.99620512108419","8.64077635756054","6.4315126474878","2.13000171223098","8.68326484429832","9.78442709559989","4.98725264103233","6.05840525410995","8.42141267208408","8.89777891507709","10.7880086360093","10.6722308479128","6.93048898343459","8.44976356884482","3.92333937163215","7.35992522025691","7.08311761097553","12.1339802223204","6.50271407693898","3.98405154320068","6.87542376774593","8.05263868950993","7.24884788703302","12.1771236181154","7.9196201554981","4.82992564934872","2.9080212253716","5.11954293502263","COPD"
"GSM252829","7.79449384775824","7.34465098914845","2.9189986773273","6.67805781622509","10.0120378446431","5.84898341267744","7.0927465716867","6.21291363032014","10.7961856560532","10.586258090131","3.43155610482596","2.88216174470581","12.4676182856822","5.0512328723211","7.39808524529954","9.35758279351298","6.29928312817387","6.23143816877122","5.16501550172895","5.13773712306792","7.11262716222418","9.56952337056243","5.53091972422148","10.6698328814556","6.48013907464283","7.77678173756151","7.00410808063294","6.95656782619333","5.14146957722188","8.88004569555412","8.56718415064432","10.7452037118871","8.27661297730878","10.9222350215817","11.7685896122077","9.45758813616058","4.35429699340236","13.4251503247616","7.20327947639702","8.69483841531088","5.49893056147028","7.58278178277522","12.5596256448007","10.1047690889719","7.69295717510285","9.02127150324046","3.35589018919606","4.78236662550846","3.27609759882057","10.7237803819885","6.42532669802406","7.86078902852757","6.14682626322133","10.5566688995029","8.55937326628029","9.5857099537107","4.96177147934899","5.95204462563972","5.94699748147253","3.419552374582","6.69593815250529","5.66049227958233","8.04640920562065","4.5774046570263","6.67817052347324","6.49354166396472","7.18353613850414","11.8289020679966","6.78227750019497","6.76500424625004","8.50842072909709","7.01640717384983","5.83318105485847","9.57405608246742","5.85192140507215","3.83396277784829","5.74054444532578","2.35636639638993","7.58951632640246","6.02590805649314","5.93358680077372","3.57641329680433","6.43172992108945","3.6999957436674","6.9990416420844","4.60448058287547","3.53594096266182","4.53960551202219","4.16964445012988","6.03640222725307","5.26554566419351","10.6693988749937","8.33799646351502","8.90294183005533","6.71804647314375","9.63601914156662","7.56910369237242","8.94550236237297","7.12112940253069","5.3002665223408","9.26952880065054","4.6617439001509","5.73102570979344","11.8596007854534","6.44208425608279","4.64872427657301","8.44720723478021","6.01488861659484","5.798219044064","5.93623274978635","10.7206290396725","11.4802297733306","7.11800665108903","9.89895049398776","7.91276361873655","4.17243951021809","3.55338508055428","4.61080634714697","7.68875385297037","6.56867059322458","8.45906270058133","8.85049941375812","7.45966931585134","7.34503260402724","8.51019449250948","3.89177884360578","7.63474571910576","8.23455880036065","10.6879005224807","5.20905559486838","8.16905812215536","9.57686599166107","6.27246929517885","4.93694882100734","6.69093384763519","6.61330326706038","9.07998337413576","5.23128647258664","8.09939515422205","7.24930311256097","6.90591644764398","5.20083780709297","12.4396049583216","7.29796172450952","8.07272215932254","5.98899818328424","4.55549715660759","4.85464900215162","7.9881393131363","8.6807673942495","7.49395149231565","5.94401506587589","3.09598685106467","7.78926627331854","8.43723606315404","6.52962420197205","4.93589343406409","9.74306890393977","7.37631643330604","6.21180265479438","11.9054659825119","6.2048332507914","9.4425330155936","8.13207296294669","7.1557593502861","5.53858472145345","8.08363356113769","9.03208982008823","3.86722436730881","7.08277708918668","7.94778886947988","8.46343445746386","9.8776936443247","11.0503112264911","7.52283258346198","7.470683274616","3.7813177436039","6.17005523886593","3.84499819627914","11.2298822859359","6.43639174052112","5.278809970774","7.15738736057695","6.93337198772712","7.74393902187331","11.4391867726677","6.56670862196287","7.85322845026759","4.55753875425155","3.25290154210043","COPD"
"GSM252830","8.04106771708669","5.40637680028831","3.18482933458025","4.16266121085665","8.57019725880467","9.83278560482456","7.84811587389698","5.86823486474789","11.1529185761366","11.8954654667677","6.0137592546842","2.95946971699429","9.95577920672768","6.09179713873197","5.4936729497819","6.70359908768581","6.73911901194974","7.08136093363678","5.84243583392024","8.50279203246297","6.66088014146449","7.14533100377402","4.15429155583566","11.8469594400114","7.98776993264984","9.16273874227361","6.60391856312557","7.70811134627871","3.66847090327297","8.0190012990083","6.68866994120155","10.7889629747577","7.99627009888467","10.2263038059514","11.6521324103781","9.43405687399248","6.9664420036522","13.7466822618919","8.37428312188371","8.25081475820383","7.47935183718854","8.63443717131686","13.5534733054809","8.69626164973885","8.11742492758717","8.84012329184946","4.94751655007191","6.66618848987278","3.75186001152402","9.52745159250929","6.92057914277197","9.43209921113192","6.32618317423319","12.2376521441563","8.49708538872596","8.41628663657262","7.17789786533114","7.90002750694409","5.365888466176","6.41492703871115","6.8333455301526","6.21142889455717","7.51340389071095","2.63020275299554","6.0628254413809","5.78991961614407","3.57607462747722","11.433293325815","4.97804000062984","4.09728210786317","8.89951100358929","7.34200353182118","6.18653225094841","8.65814363163702","6.01970858533514","4.06045384119763","2.72065933898531","2.66311458966452","5.57289573015172","2.41836538195169","6.08746708446481","3.70440721789256","7.04637100523033","6.90680643594312","7.09820056305425","2.57115982240798","4.89935450584039","7.28593850579183","5.75139676947837","2.72218182927623","3.43016482031162","8.50309029276978","8.42569427411838","10.063799518531","6.66546383521222","7.78519741963645","5.62922254521971","6.89109104334701","4.95111216415076","8.92179631695023","9.66097815990037","3.90020990020274","6.07395944150643","9.10053882430655","7.58028872148989","4.09348411830367","10.0353764751108","4.22107278251506","8.05610117663677","3.39026871586561","10.19636852256","11.9890254406314","9.07684231337829","9.2949170682361","10.0861893131045","5.42091014823132","4.21612112086","6.77992942513326","7.95149454625829","7.58974101959075","7.90589840166214","8.63267537035077","7.05948507279495","7.29621877395278","8.75273186867667","4.55686467213069","6.65493670782162","8.77003613859792","13.2530999493265","3.93169251112477","9.32203178486711","9.77020797219362","3.99101837387492","7.25278841104816","3.73833550385093","7.31982563901156","6.77693303620328","5.03945866473583","9.72411646039784","8.14020093050191","9.00520627541179","4.74649551055663","13.6439012732903","6.84420987535497","8.82762851533506","4.80614873711878","3.30697961690128","7.39979487327288","8.14810537411604","5.30904154712491","6.97636363573276","4.67110651212203","2.83037905957772","4.50929679734138","10.649777106573","4.5506359821492","4.37011544574229","9.87146481741907","3.13253571622747","2.07047520004052","11.6250010184055","5.470920751801","9.30412083714144","9.75549016898751","3.83356817452367","3.87729272370733","8.3313738085244","8.66700506618724","3.48815506151823","6.49211115536129","7.66748059765727","9.36812009052797","11.2752399017446","10.5693999484732","7.73499406726117","7.73424219259699","5.48401242173347","7.15717511556465","7.0443176107746","11.4232945284826","8.77194498548845","5.15267424134662","6.25699929994739","5.98830067431169","7.41346715053032","11.1445881455219","7.03473294642249","7.35439926455312","3.9382387364839","2.32183864502185","COPD"
"GSM252831","7.5137591730633","5.18125365202359","5.32341330602698","4.79349536726878","10.6243659640269","9.24918931964462","8.43829285157915","6.38126952699549","10.4317483042774","10.3679607096416","3.52405113491046","4.41668438717242","11.1935376806454","7.54351908266636","6.75343071357276","7.56012644717988","2.84179201613293","6.54593748917205","6.37444137114508","3.54370620956613","6.63649411961268","10.4191280188576","4.50762975134305","11.5764182099483","8.13828204109446","9.40879676290033","5.8550852386133","7.95727039454062","3.32322593648301","8.18329296437372","7.5917915995847","9.17709558045324","7.51799213782306","11.0893908917468","11.8644840954253","8.72893066783674","7.08795072912602","13.1753748947504","5.31302812483981","7.5779046123352","7.62463463985057","8.1958741410387","11.4279936941841","9.87022290925526","7.95098157143512","8.50421914663544","7.1525079483649","4.66274669366537","3.70587840204174","10.0244748279521","4.43475497908947","8.49053804167651","6.17212343549944","9.38347318359077","6.74027998267288","8.91842201512965","7.09156232732347","6.86809407991528","6.3724524294957","6.97505691933553","7.18328800120956","8.17996381189246","7.28140152137691","5.47754781591381","6.23862447084225","6.36917505355026","6.43139229725757","10.6206780421354","7.28319950341628","7.57416964384065","8.13336829827073","7.6826084092412","3.72038792200975","8.97826142368013","6.1599338858368","3.52933372048508","5.41224972986916","0.308500675745338","7.55873447488562","7.03906160608727","5.65685957278946","2.47101312962425","6.99274577520409","6.98298216994535","5.17187933041827","3.6157693941541","4.71776414722361","2.95134906647418","5.70086968816093","6.36716135636102","5.93629400662048","10.7639094733007","8.704965310665","9.5556934716957","8.92714386641097","8.5729843800596","6.14200287308476","9.04809992371754","8.84190080630178","9.20822216306389","10.4028521888306","2.39320475079671","6.55810075921033","10.9055073499499","4.63362882627826","2.60060279109804","9.92835995879323","6.17551462115054","6.75429961775482","6.90648177409448","8.18040648531064","10.823876711241","8.22143728585858","9.22498324134757","8.55064290760065","5.67672720531727","6.46220122813566","5.34266140767003","7.58260868811887","7.13643750298176","8.44164116613791","9.49329306876082","8.42585369581591","2.90999961731649","10.0701477850651","6.99404789261496","7.67308996010478","8.35009939028861","11.6522534363887","1.89558570306943","4.55722013650111","10.0996239607803","7.1195533097573","6.28164818140727","6.41189396105783","5.16826895952574","6.17141101325426","7.7893967047048","10.2778220631069","4.79940337919762","9.36527259976453","7.60690854124483","14.1833872612489","4.82383596016563","7.80179887811846","3.54858458583056","5.09796889785248","7.88890759719971","6.62097049153757","5.76296265437129","5.64111535270916","3.82134286260118","6.34473974580299","6.17512135658538","9.81386454452255","4.19213891879182","6.19361406319095","9.86491814213451","5.18395092874945","6.39521192972374","11.3527165999904","2.59697091124235","9.21780748501909","9.11303627071941","6.16351282103285","3.86537448535301","8.06676193238691","8.21786563378218","7.52994584978325","7.33734537752553","5.27101474232914","8.9720607622404","9.97841016426925","12.038078772511","5.72225561610164","8.02125206745114","3.0270850298495","6.65741135079085","6.94011975639363","10.8438896538845","6.74635307962081","6.88123634742788","6.9114519116266","6.52838534424381","6.94807515849108","10.7842749447642","7.34035752852474","4.20961712171788","2.64601054391105","5.90930268775554","COPD"
"GSM252832","5.08270684656854","7.72920605782388","6.23338575906621","4.23757136617188","9.23293651156805","7.47850269114611","7.33109608375933","6.30919438115719","10.4412946480048","11.1414046896572","5.23119045410025","5.0799369885107","12.1563359366944","6.02897573688349","7.65820434067946","7.04444876586292","6.61235544784008","6.70664105730941","5.33584051250615","6.72587745912023","5.35396544396591","10.5766166113989","4.93202809029956","12.0688823793186","6.17529704131413","9.42807118597513","7.54392887441606","6.87253329685012","4.22575307503025","8.5991392312819","7.21518350731444","8.2267204486111","7.08434069814302","11.3305752056809","11.2789662732839","8.80782822872027","5.88471268735761","13.5447712879947","6.84419731898916","6.14454404619607","2.63269165415501","8.75800662762069","11.8397864184308","6.96468741956946","3.77203343133836","8.73197064254942","5.59972542839076","6.46285395693944","5.54009858366137","10.046087199232","3.83141112677391","8.88474137752305","7.47096791727376","8.72740657307374","5.19816015779527","8.42247270096891","7.07649496252548","7.32121558829638","3.83047844590998","6.12470654464887","6.55155908250887","7.95787978414341","4.22712493444993","3.8083438596315","6.5109840657418","6.02217692074835","4.98759828060964","11.676221561569","4.67722632823532","8.93054516251476","9.44897939225259","7.02928722696825","6.85742122036389","9.92087683522884","6.77487928373364","4.83107157908634","6.03545675854936","3.20811298636175","7.37867634465369","4.3337886550644","3.52000729616574","4.32828357407339","8.37926571981752","6.37263003182256","6.67542077278402","4.1306343951792","3.8569359064857","7.13588368136389","6.85593987963065","6.58092331675865","6.37324276610904","9.59286810940954","8.29109700830769","10.236265385585","7.50740617000666","10.1778804290987","5.65987319571843","9.14792736376738","6.84236291586483","4.91763702168275","10.4623079915803","6.99134043490105","6.64260194273489","10.5351587119275","6.98170426721334","6.8371737675156","8.65859353208506","6.48201087692565","7.71421116737526","8.17354222864148","7.65856140099117","11.6292746464416","7.657597135265","9.86856330927324","7.21704648936604","3.74061460075046","3.82435035804281","6.63206604951005","7.64949331337642","7.06494750245942","7.90220626255241","7.96637278419303","7.51987209651443","7.46546029038064","9.56935057668094","4.19178371225046","6.0705675069005","8.45702785786614","11.7505897572569","5.4003808093524","7.62290839415243","9.39784359697241","3.73513220701686","7.97430559481053","3.69469079182901","5.19078866841896","7.93502946821391","6.57105785932791","7.86708719146413","5.11505405730211","9.1392290121801","7.24606599570685","12.4175308255241","7.21394018143217","8.23888237384058","6.06099200500632","5.12404271124857","2.58313392866242","6.34351619802697","6.29102515594463","6.89083576901476","5.33800716384401","2.61639534021181","6.41040386156894","8.31304173373674","7.96064491787723","4.66622258230275","10.3034839607607","4.85456921893127","5.27323239539952","10.6917173515511","3.84354172490545","8.49965059193999","7.92050173267035","6.57275024157447","5.11143200536199","8.20554402398643","8.57924427251701","7.46283760142902","5.74877786123031","5.48197052716947","9.50405424597212","10.1867085322448","11.1039893122391","4.9774539524049","5.56157664624373","2.34777902670226","4.09627872263986","4.03116578670199","8.52775066209076","7.19981955110565","6.24914000659336","5.57494011092542","6.74367652706114","8.01970747352185","11.0107308941358","7.06914360700634","5.07761473559925","4.95637267212407","2.01272240976449","COPD"
"GSM252833","7.13923412925407","5.66962776324417","6.47233992013834","3.59988904495926","9.34013495154067","8.61932496712379","8.18515790498586","2.9155514943582","10.2756356677276","10.3815429511846","6.7977393320275","2.53537119016635","11.6938963599535","5.02909503890482","6.74200621086674","7.17880425914957","6.61955386898162","7.03167088067253","3.19305258173425","7.14088088395225","6.92532299670705","10.6418079128452","3.29546884100678","11.1393530961075","8.09708928441316","8.76080642342386","6.61253975384235","6.98579640744734","5.08312825098645","8.26886009498341","6.64537022483828","10.4147592182713","7.70234586765264","9.88542336398694","10.9683427983499","10.0860565892485","5.15020627048768","13.3573458120486","6.38753314763571","8.08731962544317","7.29879576090744","8.36426600214326","14.2272774900555","9.62504030035848","8.63741462410241","7.66105122385666","6.52822122907353","5.0798644746605","5.49155170188551","11.0857380021677","3.77979550904914","8.56719936497434","7.82279386981644","10.8935669865971","9.16460780035426","8.21052524068753","4.76349124983103","6.70850454987844","6.5281712093096","5.36515359526552","7.68524637827589","4.08313676293869","7.10089357213746","2.59390349201675","6.53873990334854","6.4870891547929","6.12749915567445","11.238010571772","7.19032842599797","7.17074630229796","6.85053691834101","7.39812801069941","5.36466347328504","9.58593148596971","5.54629874302448","3.521792001204","5.7310637362805","0.421349887215145","3.60131618429899","3.88082263843693","3.68762063208489","2.1203585764817","5.48856320938572","7.40745472880634","7.00690388245025","3.17069423368708","5.16719331879143","7.2462370516162","6.27989839495627","4.10186854785004","3.58283295460921","9.10638234690578","8.16746832565612","9.27573575603957","8.10482935668395","8.92179631695023","6.70853213908981","4.44890095114513","4.61828564815392","7.95106902322188","9.05936879849237","2.12056759852746","4.98426122068444","10.7256644806228","3.68703828606905","3.01259548914679","9.87981142855356","4.2008652645469","7.17409676837179","4.59468588567039","10.4238617577261","11.4822987396893","8.04729298933755","8.69182725236642","11.0763613437721","3.63653182109417","2.21826040191117","6.83030603668472","7.77135080564773","4.91530099011593","7.99988164906812","6.10182443602658","7.78648528055069","6.08873100670406","9.11433058228155","5.66652653752307","5.13398266179189","8.54474810888158","12.2889554469896","5.53883921100217","8.53859248094465","9.99976047019771","2.80971077340982","3.18129659370709","6.29645740737124","3.24788347260697","7.53273773597381","8.00518100666836","9.08442574390479","6.87291492475426","9.32182439745463","7.04887916831146","14.0498060165406","3.87694907644018","8.69077674664582","5.9205315062779","4.11494998251968","7.07883395758514","7.73827469663808","6.14394232535731","6.13058291767883","5.07658474737582","3.67639153970156","6.91405020863001","10.5022749018162","4.41385806494996","4.69357616486938","9.54149935184061","7.27256447151551","2.07623070611502","11.6992948183888","4.49504273278985","9.3118141485244","8.91074764993012","3.96605202401623","6.26239557129761","7.89522384299159","8.17043085788284","7.0123004896486","6.23589551757638","5.23611371767718","9.04394867315126","10.4566213660037","10.1919845133603","7.10447295450681","5.69266989593836","3.21272651712672","6.39765067695329","3.62739672160999","11.4842841741201","6.96293069898922","3.5103923219649","6.06766452822082","6.18178834388936","6.98786654898722","10.9821878925555","6.05616080187776","6.77810341986603","3.93058596489628","6.25693516147121","COPD"
"GSM252834","7.74417455348377","4.65021885071058","5.39964279848758","3.6933085262094","10.1208858427878","6.32354300914989","7.62605943014403","5.87830845909795","9.88204383971221","10.4853664452548","6.70746957340689","3.75411785955205","13.046041143715","4.24402696872503","5.86668300301405","6.5325928156527","6.67891698667984","6.76983784362944","6.94389789077118","7.13624266406105","4.39971798353103","6.77448399593638","3.89197321534021","12.672586663739","7.3485245694015","9.93265177659042","7.09953717635747","5.87234860193943","1.52821622717518","9.1680728553492","6.25847369845255","8.25627002830441","6.11201406405616","11.1517332673347","12.7928146914179","9.22624358752307","5.7147565533882","12.0568273527014","6.35391782156564","7.07910072515891","6.57429984988123","8.88443918650018","11.4568164142714","9.07484791590017","7.74553315648604","8.39613379494996","2.17068782511279","5.53025181706345","1.82674168109163","9.56876178279791","5.16050073911843","10.150280411699","7.3770716778683","7.06559385191061","2.76966385039566","8.61282427607567","7.54433854979911","6.88391401718921","5.92340355548996","4.07065551491816","5.42084279504999","7.82368568062603","7.83307982997199","6.45104457399295","8.37952566174821","7.32836975271183","1.87987041229918","11.0610471068371","7.69317329404752","6.98380308151722","6.83426877406835","7.07426993451259","3.18679686286095","8.75770335103577","5.96969618184555","5.26941472175267","5.43498510457833","4.17765473541729","6.5082242139918","5.97446736337061","4.10931876577915","3.00097889708337","6.55796448928655","7.47354341193039","6.71958048299634","1.95341797591768","5.23671838057653","7.67620392783609","6.93790930570214","1.69725784374408","6.33606018139058","10.5975777288428","9.20529475551461","9.13041611795997","8.84385197609702","9.00859109119846","2.14353382808206","9.00648597946852","6.92545355895554","7.15276143610331","10.5438051759644","3.83268751643953","3.50534473579801","11.4351962291014","8.50629567844516","6.10908051899462","9.74936498241345","4.87988217200998","7.66487389652443","6.57805411214304","7.51378285544288","10.7713409005768","9.2547971533642","9.3975612662449","9.9905436563981","2.79778912577664","3.81083380226726","7.4035659802971","8.89518142210268","7.53802592838098","7.62932018792665","7.84126870254334","8.20624272363601","5.6975430988717","10.281999552752","5.28865755449034","8.67552662939429","9.73330688275955","13.4116036691878","6.13728013463846","6.80464732969411","11.397391199485","5.91728614182494","4.45971357238707","6.51635875503155","7.68465045071194","7.26912667914942","6.98855972352211","9.80914751581609","6.94104760634058","10.558238929895","7.36764189503651","14.8909387199021","6.72114021262744","9.35053260682337","6.19775336431289","3.46901332460914","7.85154917371361","8.32821265237416","5.61547221002929","6.7621095869793","3.39625540975674","5.7544492837886","5.6121047538855","10.708945913961","7.1701854645336","4.30759610124706","10.3949878000539","7.7423498612981","5.74706777990599","13.1580589481888","3.46647050963743","9.62730040797705","9.30018093691177","3.67153115975913","5.81807338998944","7.86730963220634","7.98391136136462","6.47832794767485","7.56218899008188","7.76266772550231","10.2171701178781","10.5376649261262","11.8596046676577","6.63308386383635","7.48480678592333","4.33170521649889","6.87591518655522","7.44783538110161","10.4523030247627","8.5528419800364","7.54270688719589","5.95093726050638","5.93044640414807","7.56273850388241","9.49490357354888","5.99213167389485","4.6153692111472","4.82748879253771","6.22619637451739","COPD"
"GSM252835","7.31149403320358","6.91855320337668","6.46079989045089","7.25159602281924","9.57962141712727","5.52976473653599","8.06055543768937","5.6568309775044","10.9848242932118","11.1581615374792","5.333645559658","2.22253874441291","9.571054824602","6.22796051265472","6.88642821054188","6.31189541472597","5.31471827466382","6.7488637145357","7.51134152592103","7.16326725454847","4.51314329470138","7.8638950995611","3.65936517736817","12.2573760559203","7.69253878837796","9.94834386791305","6.82944368136659","3.6927396291484","2.29285241011164","8.95615251129347","8.28187903924176","10.2531029047755","7.48433150899713","10.5769755542065","11.8024961704804","9.37330889799976","5.98338584317411","13.5770393044446","7.22179976415851","8.44783951273777","6.56587740189684","7.32864800275246","13.8669697783548","9.37681563349427","7.77823486433353","9.25185635036836","5.28328841756484","3.01010666269578","2.50056498298143","11.5195134023266","6.23054120146292","8.49405953313283","7.50545430871911","11.3517232819665","8.3169195710319","8.71222432944677","3.89816964789723","7.42554322678464","6.01863417413905","6.40442802514258","7.08484027021541","7.61782740540285","7.94721612096715","5.7552027233069","5.95718331786669","6.92065059456398","3.60908120053227","11.0553434504486","6.20060439763326","6.51180166504036","6.25146726165099","8.01036585476144","6.46557946450738","8.43124686066651","4.85159414636087","4.96266469300056","5.71067971888052","1.38800763863559","6.91564040334394","6.28507110085133","3.38630053385555","3.46738383075773","3.51504377532399","6.3700299808681","7.18394299129942","3.4507493755375","6.11311495217217","4.53984121508755","2.35189117866522","4.624627329606","5.98162892690227","9.47467330910937","9.31946439403083","9.64602761423625","8.54085646894072","9.76452994663361","4.9218694932298","8.77840243866258","8.67648251561903","9.05051530155278","8.5602372883307","4.92731812233736","6.78948147878282","11.7310983666735","7.08341550162328","2.00256931468835","9.97966812500805","6.84994923449892","7.39588539483069","3.35566471084509","9.93944845496895","11.2520208058346","8.59297646346686","9.603283246888","12.1975545931755","5.36773448955115","4.80882263267672","6.87460026604958","7.92431964704979","7.96977214787526","7.99394603015189","8.86757219172334","8.49765627167183","8.19203631255154","8.73935195599301","3.71168211447042","7.32916845551456","8.25784509512205","12.1310305817645","4.02083996709015","7.27323612594941","9.92034838886005","2.51901847414844","6.87931367631089","7.42057503505835","7.22768332376089","7.61219766319634","5.637940570038","8.73012024758033","6.00535507125756","8.43923249327442","6.4967036094801","13.835803702574","7.71254075670359","7.84888579366998","6.35352267139149","2.5373731081798","7.76704560234553","8.20948748301367","5.85869470386546","7.0911708900279","4.43827954252292","4.20797872379045","5.0712778574155","9.96371541997266","4.47157767678234","5.54916395420882","9.77848621852853","5.06153428831741","6.73089804211294","11.6968197727908","5.00987115595459","9.34536088953964","8.7921948767657","6.40111673583108","2.44154190861097","8.13899872506476","8.09941619542063","2.98337489759336","6.12974460550782","7.85741499942408","9.56318864393462","9.98307910743788","10.1154208610442","7.0026012671748","6.45411994817843","3.67319457421627","3.94075874488691","7.39284116340002","10.9458680960607","5.50821945926243","3.82910874563922","5.99708235690639","7.66417703170007","6.55730898891062","10.8351108768585","6.6582829015306","4.37654044362459","4.34862193964343","1.00139152940945","COPD"
"GSM252836","7.37668108349164","7.43730265535405","2.39067318781859","6.88533031547617","8.48582528444234","5.13601497682502","8.18853939515837","5.22151365552623","10.6737860667078","10.7490229991278","6.30922712920063","3.37823415521924","12.9523244650369","6.0843874739324","6.88036717657012","7.98948533071149","6.15024080248479","7.96551880434963","7.70066858910301","4.95847151623916","5.9663935503795","10.4642189883403","5.94844666523817","12.2637474760325","7.34053556539131","10.5431381812504","4.73021061554762","6.8670686531874","2.80769700632177","8.3887922565875","7.2319027591057","10.0974527825293","6.47118746038699","11.0419123538782","12.083063744716","10.474831464672","5.76543396635122","13.4807271007376","6.72030583020598","7.99744484465999","7.17992898911964","8.43128865429159","13.0853180898565","11.7605744233355","7.33177686226857","8.20153094786645","5.24095538468347","6.4784573893155","4.64450237241894","9.44647749785379","5.45662875778722","9.23120917820668","8.31678836614156","11.8945639054502","7.08705967895626","9.30018780224044","7.6131337961224","7.51144431886689","6.85569076543445","3.44270468518122","7.21782202242959","7.18492491920563","8.0575315027259","2.04843848363609","8.45252542645145","7.56369202405624","6.00436430722146","10.9638425537251","6.57665062033674","5.4947516027231","7.53771539423836","6.74558693621619","6.22205296163212","9.14791464790197","2.16271920877678","5.622195349488","7.46798858774365","1.42267973631671","7.62265220716787","6.95985128134697","3.20426594528956","3.06831654169058","6.51916602273918","6.40929249005848","6.91554480206227","4.52568679756412","6.67733910045775","3.81675328548304","4.08420036167466","3.16985767410275","6.45477469795309","10.2002610798133","9.14986141299988","9.99248521063396","6.67378253401974","8.34062457558623","6.44806508211356","9.00295281030703","8.30130412770768","7.81624769310335","9.94888843512756","5.82284229655682","7.21908137517675","12.2907273450195","5.56472873866806","1.99270318177902","10.00662061915","3.50317061367325","5.44519698238171","6.43665491576602","9.3512860052782","11.4881012223726","7.89705886695625","9.87029998181501","11.7324430465342","5.53565175037892","3.36203498075137","4.59301905559221","8.29181073166575","7.49193324382787","7.82266642325797","8.69761746167584","8.24015211243844","7.91194918298737","9.92653321187227","3.8028549467546","7.25882039687641","8.70845626748898","12.5513357656163","5.85729430788336","7.907401459642","9.83057858592694","6.26209108589938","5.32089980830012","6.95423121387694","6.82630695865336","7.75872956845786","5.16826093532546","10.7531665966836","6.72591834739411","8.93538313206371","6.77599867802232","13.3398221728508","8.71382982421229","9.05658623775205","5.8485954006516","3.86935818123403","6.27320628128019","8.58626184377205","6.15910842359132","7.28707514470758","4.16316861362012","5.344679391872","6.58701237574451","8.81408252270983","3.08945069298483","3.14081954791984","9.91299708536277","6.67038715697383","5.96216261763424","12.2572287131404","2.95427635447181","9.83219697445448","8.27026261722582","5.33439665224968","5.30933628397706","7.80805677701949","7.63184639823304","3.02391532746536","5.88978988833676","7.10940235181862","9.65189839796505","10.1905407878479","11.4480904874433","5.99114539244301","5.15466016326517","1.80532547828522","6.61966830629265","7.60744128602311","10.8937489851623","6.60034112517896","6.78841165604115","6.98355229698041","7.63101694951432","6.64141308231328","11.2365823056864","7.24401174126716","7.69618860831666","6.04931274735578","6.22621564531858","COPD"
"GSM252837","7.34844489795159","4.95619143399063","4.67643667575754","4.66543825251416","9.52459460309032","7.51759065774328","6.37844746351397","6.1523335229348","10.3019762513304","9.89848046499405","6.73742988691439","4.37347421446529","11.17437021287","5.40242886087896","7.35693608869459","4.15167213731206","3.88132201197776","5.93483491613534","5.54564100817824","7.76287365065935","7.67561130909052","7.16781953556539","3.45355708652597","11.0343312830504","7.20974577417791","10.1350679457778","5.85278541097629","6.81284473857522","1.9623046972382","7.97546969449628","7.32636656447111","10.021243737747","7.15221384677918","11.0442096721227","11.6863035438426","9.05478065918622","6.41660163705841","12.8464796041537","4.2801545938655","7.49921606505","7.26080665335137","7.47851887002659","12.1429813464081","10.6683443154154","7.86211039095978","6.66616007889904","6.53983346230974","6.59529030775007","2.60124010582925","9.12059559025206","4.30640078546993","8.4233890821787","5.41952203750131","9.77913986295153","4.00413280623487","7.48409784089821","4.5312753990364","7.03361020935778","4.40085211872101","2.17787315563666","6.16097261074032","6.92579771189305","6.9583207056141","5.45077576445","2.0345221146071","7.32915051199274","4.84603190070563","10.848904567069","6.21821738382488","6.00459127697631","7.27226585803397","6.67842408259294","6.43436301423024","8.60663469307965","2.01058651182483","5.39957444504781","4.25877518006751","2.35393016826481","7.11119828131907","3.93151287329559","6.17130291847027","4.0417511307798","7.35652239755124","5.9123241200814","6.12519026816618","2.82451737058133","5.7053282662946","3.44289043022762","5.58054048270756","6.16617915435513","6.57729286083962","8.70598135640789","8.21521748946099","10.4161852813093","7.65616740773473","9.41794109870385","6.48903548837764","8.61212761308043","8.26226871019128","8.42420828806239","8.90483328899591","1.63928310824207","6.36266450268884","9.71793683857142","3.94105934745285","2.19929542832832","9.4317942612224","3.96141959573232","7.98140174063069","5.65717694239737","8.97730568568134","11.1065040537312","7.82179311150174","9.31572018589282","10.7584730825288","2.3467583722268","2.21620650465422","6.36451815512648","6.71416307559399","6.89969527454118","7.2159503381101","8.74318169544042","7.65445702300123","6.82323984413102","8.68185331514427","3.52839628459141","6.9074074687306","8.57813867083139","11.8563243652323","6.74232964883264","7.05825154687314","9.32893517232171","5.63983123201761","6.23034713730545","5.96499924500969","6.2429587535054","6.42149262205056","5.4327590190487","8.53967064435104","7.05704946789159","8.87092257710381","3.88866532908723","13.3174974091789","7.88154226889489","8.44445173304282","4.80555042521086","3.65537472835209","6.48839771452257","7.73890291428176","5.32630004325565","6.61445366939585","4.75037604108425","5.06458973127771","4.20559582732207","8.48344901207642","3.91079980705105","6.46307310289175","10.0359262722024","6.97533211589791","3.92191232640298","11.0003592201531","4.48775001327387","9.90640661047401","8.52302476578413","5.03447545455097","2.44816884870723","8.27779417254608","7.71267143466783","3.5842409728037","5.64713603264084","8.31418442303339","9.9672694958017","10.362382216237","9.1261985375792","4.45834262875403","7.13028225238526","6.32324575556639","6.04264871451059","4.49659017442095","10.748595405991","6.34259918901596","5.8569060356832","7.27417778119999","7.55590816074012","6.29931610196694","10.4644538560035","6.00550553597822","7.05906319576255","5.1055272306107","4.85228355145884","COPD"
"GSM252838","5.67118578916984","5.20108882722148","6.31745964757004","6.98157869784235","10.2411251403273","4.92373869147388","6.82174847553443","6.69547887056055","10.5033189172535","9.70257963076864","5.52641316391559","2.71168872136145","12.8050949164353","5.38947388709526","4.57234400829481","9.69861959560155","6.84040028768655","1.81569428236494","5.20596328438064","7.69015166439914","7.4010416236492","7.5764994633651","4.11670575938088","11.8824061467222","7.05164399539909","9.53651338536966","7.03660223540196","7.45546696177414","2.99957434217532","8.70109502448957","9.64658030991861","10.6602901080169","8.8144639053068","10.4192017738488","11.4978268938752","9.59341353341443","6.68652854040719","13.419552058574","8.01331708968928","8.50365085527041","6.71446534016249","7.45071638871807","12.2609312915208","7.97397282230229","7.91436121162485","8.5626927190592","5.40809362477482","5.47016914899772","3.76030612151913","11.3641127626562","4.43819303066458","7.11532461660485","4.47754781591381","10.1243669110465","7.15418014494736","5.18680953766262","4.31416719872363","7.8731733895393","6.13229715973869","3.70965457250963","6.3965551207946","9.64338904163155","7.02475183781084","5.43918095357745","6.75377833804678","7.16539947016262","2.98636724414128","11.691163358882","6.97614593184128","5.50820361005137","7.95524886102458","5.38477166463925","3.71580553255915","9.80411649733463","5.84094908598262","4.2126471520188","6.14722935131815","1.11053697107069","6.5057321737418","4.45384019059532","3.23169198418095","4.04544297076117","3.97056839944339","6.93954395453455","7.53786290629039","4.43458819854848","7.60923784863564","5.59604063267114","4.20240204854012","6.40102967362333","2.7448047815306","11.355301537347","8.64208058265205","8.8214487411262","7.16749843271301","9.00778416774598","3.2592182436978","8.36481752956455","7.62478814643049","6.86042901117643","10.4983506079296","2.92910735425777","5.18858686771793","11.026606433136","3.29973553611915","2.42054438263143","10.1012009497142","5.93253603701074","7.14887310992917","7.71257514678917","9.79642254566341","11.46292653228","8.7446185942115","8.99293833616581","11.4140932394752","5.38882324678002","3.13791332208841","7.16444438583326","8.12260025097881","6.17163718539523","7.42524947835692","8.95122933773088","8.99898806800253","3.07463045081641","8.97212683660834","5.75489818875382","7.43517851500303","8.54526182520941","11.9253986649043","1.6843744177896","6.67629562089368","10.5450030586454","2.98457659115848","2.77945935117593","6.17091050637774","3.40300861395196","11.4415384643518","4.97489636376201","9.4807881819271","4.84211396094039","10.435566091469","3.24124986938454","14.3774884664749","6.78702753781745","7.86616616903904","5.97839014239084","4.27756823912925","6.92157914597603","8.55965623313664","11.8033723579051","7.43482835641991","4.21292724467814","5.66247612203656","5.12313228726514","8.88047432099147","3.51037966169224","6.94069532853298","10.6171092724766","6.53768123140166","5.35160712947052","10.9727500849886","4.27335176821158","9.31237928514329","8.13403607234479","4.31768755890725","6.91187130843124","8.6482389255755","8.91477079596076","7.64706981785087","6.59762502679676","6.57459201368956","8.674686619928","10.4081811111059","10.4301493447609","6.35416120843092","9.57373995623898","3.16182965101819","7.26080665335137","5.41794025507409","10.8966654115485","7.36876834909033","3.84165114268506","7.34366542341284","3.36980146827889","8.48882025114062","11.0926118071763","5.8876349308928","7.21361946266829","6.09482721717667","2.37394326205766","COPD"
"GSM252839","6.29442960210933","5.53046408276314","6.74937336333901","6.45887082590349","9.25398454041382","6.05816927429972","8.07174658302343","5.62900100293107","10.0992820525217","10.5224932603331","6.35161419604922","4.37954472231334","12.245142656399","4.80829236919686","6.6345177631063","7.1736171789","4.0492822485682","5.85575553926364","6.21842664894373","4.06927252457654","6.14070095752906","11.0833795984213","2.90946207048727","11.5877728292022","7.04819258323378","9.83019351587727","6.47676726207129","7.55410531433799","4.83670178839194","8.41289581883367","7.34193239213547","9.14149665542124","7.71903965676115","11.2696176263327","11.2374788722153","10.4501389972529","5.61521028416012","12.9465188727149","6.53727121424903","7.72038108120451","7.07831095000713","7.75684983523964","10.3461258597822","8.1264979900833","7.58521795535027","8.21530486844827","6.99240589903165","6.33985178398851","3.5895837380335","9.47072800789582","5.7436092130052","8.89731001698765","6.57714026016982","9.05345078613076","7.05409959164212","7.06174380137623","7.31261072298977","6.68074630031499","2.27851710764822","4.55543580266378","6.03904405401175","7.79705189893993","7.66672109206219","4.70905899177699","5.64685675834074","7.01574955158617","4.19372444114448","10.1069947029177","2.83453931170528","6.24599376601075","6.97593965574128","6.78931192564509","6.80198636411462","9.17826646778185","6.47015613078108","5.32960800209992","6.88821964429963","2.45367296839581","6.95606827200995","4.67084599971718","3.12954350293204","2.93128214769279","3.56884688786635","4.26786534807899","4.53419236564136","2.68063716943527","3.48565867024349","6.62351427831025","4.12165369375268","6.39983758802549","5.66437190331836","8.63425927260195","9.55156792603066","9.78564372496478","8.28448174479159","8.7464504985259","7.45241422989266","7.50812753141447","8.90890295330495","7.81412739648388","9.24765223615521","2.28273632027634","4.75256128575301","13.0656988563506","6.35255374271096","3.41806848113588","9.92723870217854","6.8592241619782","7.58274415526871","7.19385057703736","8.90468880637984","11.1045135783183","8.53081596921435","9.53956596595929","9.06855527436664","2.99373775562007","3.24004866578815","5.64839353657823","7.65226419376496","5.90776796825126","7.09523876602794","7.66434772359908","7.74756866509888","6.86331902873188","9.32199121141474","3.35977415400077","6.80520215533837","8.66866519579905","12.1370775943151","3.74193073157327","7.27262978497637","9.43085185111694","6.56694602547306","6.39901211510958","7.81891445435022","6.54550355621423","7.54888354431341","7.87889696392435","9.51495267568837","7.06399899914847","8.83089543891971","6.25191787547136","12.7483647884616","7.51751979671815","7.97126763369476","3.13221488973331","2.67710452433309","7.89234244950501","7.1919475127993","6.67764917862403","7.99516225084337","3.3602799881003","6.04408368793841","4.78988050214615","8.80263268074904","4.55968146802557","6.90391798795672","10.4395296419055","6.92085302209268","4.08436196005347","10.7741034291143","4.01370343324528","9.30533674108799","9.28148730079429","6.35640619061388","4.26895831593364","8.70596408269832","8.1329263701049","7.94063660720115","6.28398287077814","7.57419235504266","10.0159864416038","11.4022979579109","10.3908568136736","5.61483349839075","8.23023664357336","4.6713330064163","2.94564515583752","6.99412711400313","10.5653401272085","6.51065816203004","6.65469330560598","7.13593497007553","6.73956461118906","6.25247242951577","11.2543554699647","7.35402011959809","7.58028118305145","5.77297036029993","5.07614432054502","COPD"
"GSM252840","7.4667902378031","4.34720499741164","6.57824738186303","6.46885697303719","8.40989579105755","6.44470019226619","8.42922678573185","3.25135098801641","10.3700225678598","10.4998957030408","3.24844830827315","2.14766162974308","10.8547125762467","4.43742750744489","4.43036556916849","3.35229242649532","5.97688828169217","7.19174029211929","7.32014165418596","6.79654584267105","3.36776244144438","6.43909782115395","2.84507449492966","11.8190733770461","6.47733895388378","9.33364958441028","7.29034145831244","6.91042087562939","4.74079267227768","8.24261203240995","8.39225301531247","9.45548751084868","4.61923691827627","10.8858183719899","11.7541901980506","9.85360742168212","5.66130780941121","13.1744513622227","6.15747629206094","7.20312283198418","6.68253116194721","8.42771091856116","13.4131518880539","7.45415943899707","8.32595300447649","8.36172450250739","8.12995268419608","4.24866385928164","3.08745605208123","9.79790627694701","4.22722507533322","9.03188036558718","7.53910451511167","10.1390012840124","7.06248873022933","8.46392483925441","7.53580413827031","7.29290135546574","7.01971303257974","2.30727113169344","7.54806665545671","9.19582739969185","8.65514070451601","5.30705687405792","2.51311675864892","7.23396473198047","7.33888788544924","11.1324418921424","5.64128301383055","6.5712217250481","8.81322324125728","8.59219912313304","6.37978382437251","8.10683509669445","6.04921471324404","4.20553327211764","7.13199068015509","3.46872666711556","3.85769242726165","4.8811604688642","6.9029779958324","3.14504970554443","5.82273779471776","8.17438644310567","7.31538508507796","6.5920548206187","5.00819104806498","6.87101810012947","3.97867156729858","3.78142266611658","6.38978361271339","9.0083053574227","9.2642431895703","10.9820666447921","10.1006491996463","7.95556273298888","3.35976010052157","7.89656854452685","6.68553373770959","10.5027124859661","9.4420581225312","2.6813660521334","6.18875103161152","9.63159361241383","7.94050741185733","4.00283751359991","9.98935192090729","6.35104699301263","8.35898958471888","7.68708869068927","8.79686052673546","10.6859313908009","8.48932616830064","8.94994048808563","10.9420232602916","6.98313042465007","5.28468439200863","7.39447126929533","6.89763977412683","8.94080395669635","8.47178087269492","7.06854183931282","8.03522799396638","6.60559804012837","9.8625738217917","4.45932013334942","7.57602321536134","8.93134326047402","12.6400550954377","7.04370539599415","7.22722122388932","10.7883023459451","6.76480525840472","7.2044244220387","4.25306649322165","7.21596974625896","6.13688655774523","7.32694175515069","8.63858795915691","7.11051984979776","9.74892910718034","8.2532187536062","10.384459997605","5.73277117871924","8.54183617006461","4.36183151102999","3.03371371384131","6.35634632278082","7.98330146884198","5.41241572529516","7.52863382596727","4.11402546895402","3.31001867794605","4.21132375704161","10.1967865239894","5.76969769874776","2.54831577851181","9.59218603930319","6.65939657694702","6.8611489560606","11.6170587509489","3.99607233126028","9.22230708082449","8.84583500199426","3.93346877558628","4.9598304207764","8.16699154684104","8.53717956569449","6.16848359032011","6.63140845052477","7.22755818632653","9.46556028303528","9.59592132279339","10.2889352665133","6.72606826115129","8.0838409530204","7.05567288658141","3.36569253719753","5.54234163697226","10.4751152901508","5.97912676454219","6.7636771418966","6.97963668935413","6.73400503372005","7.97619749625828","10.3685282872888","7.85116185122708","4.47054987987412","6.02981947634279","5.94813591456517","COPD"
"GSM252841","4.12718752704767","7.81994274964276","6.48359653543813","4.20905559486838","8.73780504349504","6.28908194331594","7.56162399381614","1.89546549706285","11.0026392379595","9.88451092444221","7.27750128909911","4.51330123729603","11.2168367814881","5.45007299494071","7.56188361417183","3.81658946735705","5.30362368675017","6.75383181130139","5.86126560295881","8.35983300145808","5.92578584591694","3.45537325428367","4.42354455700584","11.7532961537312","7.36538634488946","8.88340087649702","7.30223678646859","5.38225568707105","2.92815994426581","8.60641261586053","6.49294752634338","8.83675101267815","7.78880314663844","11.1149720990391","11.0525544660411","9.97231929686936","5.17271951857264","12.7430924730418","6.92141252690346","9.39628581185666","4.85624872150633","9.19349332763401","12.3187517989365","10.4609063482072","8.12342823808317","8.02850285034971","6.29824956737893","4.62304744803812","2.03211495258498","10.1040351931275","3.38707298009108","8.34195462366409","7.22888601469357","10.1947691640544","8.77482658495126","8.20547560163564","7.17831627170145","7.61366424747166","5.93395969691501","5.04598457870533","6.5328841997864","6.49137853191691","6.93123391759678","7.30724635522662","5.84094405208459","6.89549651892662","5.58641948787723","11.7148980178445","6.06262687764449","4.74047428648941","7.34763908382441","7.93904434838139","5.24053949432106","8.59825353268923","5.56209891090988","4.11277518429641","4.06122320249932","4.86925946319475","7.27182715739543","2.76879409853185","6.56294909535644","2.66820537511565","4.25989011456987","7.17445635587995","7.10523806255627","2.73398551719639","6.86716752124407","5.04945651867059","4.07802054557657","4.29758762630662","6.3364922778397","8.00362472240024","9.987107652413","8.0420149907771","8.29741154652192","8.78012961962531","6.5439922657621","7.68131572831964","7.46403923769221","8.42904262169256","9.93166680774089","5.92639088629819","7.23601419190009","11.7811219771414","6.18695608197015","2.77150320309969","9.74235828307514","6.63847501284947","6.76390283577979","4.55613508299661","10.4640147245049","11.170920267922","8.19829278304789","9.68928867579546","10.1428984074169","2.5412744528615","5.97380640725971","5.80559427545754","7.34241251695245","6.24640048609337","7.23542072263744","6.97636363573276","7.38495638838487","6.96268782590322","9.5619542380968","4.93209897732188","7.29116148815093","7.88189094025693","10.3953734700531","3.75848440884383","7.94034883812113","9.22489885763688","4.24488705912353","6.97354239919169","7.49381542940585","6.30866849132212","6.70904244435751","8.69230164869741","9.31359278620946","7.59645068513827","4.23124038451071","4.82192956146653","13.7391477099865","8.23698044999987","8.72193994599855","5.27282943922131","2.86298294312674","7.08330911916708","6.37728862905879","5.4080834318475","8.66151090728305","5.57767655753676","4.59932969707355","4.97858005302674","7.55182359572126","5.32571020751578","5.68065629606235","10.0232137610919","7.82194613862045","5.75260410061796","11.5923822842931","5.2165673894175","9.00673561392853","8.76831005877381","4.07943784880694","2.58517888874859","9.17101162276266","8.69031232591882","3.54053569493291","3.87084800311994","8.01841162874226","9.48317891655991","10.7771648870278","10.7862206111292","4.48423482333943","8.34682838809055","6.59416184829245","6.05927523143513","7.19750176311214","11.4776166204263","6.83048351645765","7.0923343111862","5.76945968568154","7.40890712786337","7.02502879449152","11.8185701949141","5.47657934787494","8.33764420004339","5.37040494218244","1.44027718831821","COPD"
